id,state,civilian_initiated,deaths,potential_death,false_alarm,file_name,type,priority
1,California,0.0,2.0,1.0,0.0,call_1.mp3,Robbery,3
2,Michigan,1.0,1.0,1.0,0.0,call_2.mp3,Medical,3
3,,,,,,,Unknown,4
4,,,,,,,Unknown,4
5,,,,,,,Unknown,4
6,,,,,,,Other,5
7,,,,,,,Unknown,4
8,Florida,1.0,2.0,1.0,0.0,call_8.mp3,Shooting,1
9,Texas,1.0,0.0,0.0,1.0,call_9.mp3,Other,5
10,Nebraska,1.0,2.0,1.0,0.0,call_10.mp3,Accident,2
11,Oregon,1.0,0.0,0.0,1.0,call_11.mp3,Other,5
12,Texas,1.0,2.0,1.0,0.0,call_12.mp3,Domestic,2
13,Colorado,1.0,1.0,1.0,0.0,call_13.mp3,Assault,1
14,Colorado,1.0,13.0,1.0,0.0,,Shooting,1
15,Washington,1.0,2.0,1.0,0.0,call_15.mp3,Assault,1
16,South Carolina,1.0,1.0,1.0,0.0,call_16.mp3,Assault,1
17,Maryland,1.0,5.0,1.0,0.0,call_17.mp3,Fire,2
18,Texas,1.0,0.0,1.0,0.0,call_18.mp3,Medical,3
19,Colorado,1.0,0.0,1.0,0.0,call_19.mp3,Accident,2
20,Maryland,1.0,0.0,1.0,0.0,call_20.mp3,Fire,2
21,Michigan,1.0,0.0,0.0,0.0,call_21.mp3,Accident,3
22,,,,,,,Unknown,4
23,,,,,,,Unknown,4
24,Missouri,0.0,3.0,1.0,0.0,call_24.mp3,Shooting,1
25,Missouri,0.0,3.0,1.0,0.0,call_25.mp3,Unknown,3
26,California,1.0,0.0,1.0,0.0,,Fire,2
27,Wisconsin,1.0,0.0,0.0,1.0,call_27.mp3,Other,5
28,Michigan,1.0,0.0,0.0,1.0,call_28.mp3,Other,5
29,,,,,,,Unknown,4
30,Ohio,1.0,1.0,1.0,0.0,call_30.mp3,Medical,3
31,Idaho,1.0,2.0,1.0,0.0,call_31.mp3,Shooting,1
32,California,1.0,1.0,1.0,0.0,call_32.mp3,Medical,3
33,Michigan,1.0,0.0,1.0,0.0,call_33.mp3,Accident,2
34,DC,1.0,0.0,1.0,0.0,call_34.mp3,Accident,2
35,California,1.0,1.0,1.0,0.0,call_35.mp3,Medical,3
36,Wisconsin,1.0,6.0,1.0,0.0,call_36.mp3,Shooting,1
37,Connecticut,1.0,1.0,1.0,0.0,call_37.mp3,Assault,1
38,New Jersey,1.0,1.0,1.0,0.0,call_38.mp3,Shooting,1
39,Pennsylvania,1.0,0.0,0.0,0.0,call_39.mp3,Shooting,1
40,New Hampshire,1.0,0.0,1.0,0.0,call_40.mp3,Assault,1
41,,,,,,,Unknown,4
42,Colorado,1.0,0.0,1.0,0.0,call_42.mp3,Domestic,2
43,Florida,1.0,3.0,1.0,0.0,call_43.mp3,Other,5
44,Indiana,0.0,1.0,1.0,0.0,call_44.mp3,Domestic,3
45,,,,,,,Unknown,4
46,,1.0,0.0,0.0,1.0,call_46.mp3,Other,5
47,Florida,1.0,1.0,1.0,0.0,call_47.mp3,Medical,3
48,Wisconsin,1.0,0.0,0.0,1.0,call_48.mp3,Assault,1
49,Florida,1.0,0.0,1.0,0.0,call_49.mp3,Burglary,2
50,Texas,1.0,0.0,1.0,0.0,call_50.mp3,Unknown,3
51,Minnesota,1.0,13.0,1.0,0.0,,Disaster,2
52,Kentucky,1.0,2.0,1.0,0.0,call_52.mp3,Shooting,1
53,Ohio,1.0,1.0,1.0,0.0,call_53.mp3,Missing,2
54,,,,,,call_54.mp3,Accident,4
55,,,,,,call_55.mp3,Accident,4
56,North Carolina,1.0,1.0,1.0,0.0,call_56.mp3,Missing,2
57,Texas,1.0,2.0,1.0,0.0,call_57.mp3,Shooting,1
58,Tennessee,1.0,1.0,1.0,0.0,call_58.mp3,Medical,3
59,Nebraska,1.0,9.0,1.0,0.0,call_59.mp3,Shooting,1
60,Florida,1.0,0.0,1.0,0.0,call_60.mp3,Assault,1
61,Colorado,1.0,1.0,1.0,0.0,call_61.mp3,Shooting,1
62,Florida,1.0,1.0,1.0,0.0,call_62.mp3,Disaster,3
63,California,1.0,1.0,1.0,0.0,call_63.mp3,Medical,3
64,Texas,1.0,2.0,1.0,0.0,call_64.mp3,Other,5
65,Wisconsin,1.0,0.0,0.0,0.0,call_65.mp3,Shooting,1
66,California,1.0,5.0,1.0,0.0,call_66.mp3,Accident,2
67,Pennsylvania,1.0,0.0,1.0,0.0,call_67.mp3,Accident,2
68,Texas,1.0,0.0,1.0,0.0,call_68.mp3,Missing,2
69,California,1.0,1.0,1.0,0.0,call_69.mp3,Other,5
70,North Carolina,1.0,1.0,1.0,0.0,call_70.mp3,Assault,1
71,Florida,1.0,1.0,1.0,0.0,call_71.mp3,Accident,2
72,Connecticut,1.0,0.0,0.0,1.0,call_72.mp3,Medical,3
73,Arizona,1.0,0.0,0.0,1.0,call_73.mp3,Assault,1
74,California,1.0,0.0,1.0,0.0,call_74.mp3,Missing,2
75,Wisconsin,1.0,1.0,1.0,0.0,call_75.mp3,Medical,3
76,New York,1.0,1.0,1.0,0.0,call_76.mp3,Shooting,1
77,South Carolina,1.0,2.0,1.0,0.0,call_77.mp3,Accident,2
78,California,1.0,7.0,1.0,0.0,call_78.mp3,Fire,2
79,Connecticut,1.0,3.0,1.0,0.0,call_79.mp3,Assault,1
80,Arizona,1.0,0.0,1.0,0.0,call_80.mp3,Assault,1
81,Maryland,1.0,2.0,1.0,0.0,call_81.mp3,Shooting,1
82,Ohio,0.0,0.0,1.0,0.0,call_82.mp3,Shooting,1
83,Washington,1.0,0.0,1.0,0.0,call_83.mp3,Animal,3
84,Washington,0.0,4.0,1.0,0.0,call_84.mp3,Shooting,1
85,Florida,1.0,2.0,1.0,0.0,call_85.mp3,Shooting,1
86,Ohio,1.0,0.0,1.0,0.0,call_86.mp3,Fire,2
87,Texas,1.0,1.0,1.0,0.0,call_87.mp3,Shooting,1
88,Illinois,1.0,0.0,1.0,0.0,call_88.mp3,Accident,2
89,North Carolina,1.0,1.0,1.0,0.0,call_89.mp3,Missing,2
90,Louisiana,1.0,1.0,1.0,0.0,call_90.mp3,Shooting,1
91,Utah,1.0,2.0,1.0,0.0,call_91.mp3,Domestic,2
92,Iowa,1.0,0.0,1.0,0.0,call_92.mp3,Assault,1
93,Massachusetts,1.0,1.0,1.0,0.0,call_93.mp3,Medical,3
94,Washington,1.0,0.0,1.0,0.0,call_94.mp3,Assault,1
95,North Carolina,1.0,1.0,1.0,0.0,call_95.mp3,Shooting,1
96,North Carolina,1.0,0.0,1.0,0.0,call_96.mp3,Medical,3
97,Florida,1.0,0.0,0.0,0.0,call_97.mp3,Missing,3
98,California,1.0,0.0,1.0,0.0,call_98.mp3,Other,5
99,Florida,1.0,3.0,1.0,0.0,call_99.mp3,Shooting,1
100,Indiana,1.0,0.0,1.0,0.0,call_100.mp3,Accident,2
101,Florida,1.0,0.0,1.0,0.0,call_101.mp3,Robbery,3
102,Wisconsin,1.0,0.0,0.0,0.0,call_102.mp3,Assault,1
103,Florida,1.0,1.0,1.0,0.0,call_103.mp3,Shooting,1
104,Connecticut,1.0,1.0,1.0,0.0,call_104.mp3,Assault,1
105,Wisconsin,1.0,0.0,1.0,0.0,call_105.mp3,Accident,2
106,California,1.0,2.0,1.0,0.0,call_106.mp3,Shooting,1
107,Hawaii,1.0,0.0,1.0,0.0,call_107.mp3,Accident,2
108,Ohio,1.0,1.0,0.0,1.0,call_108.mp3,Assault,1
109,South Carolina,1.0,1.0,1.0,0.0,call_109.mp3,Shooting,1
110,Arizona,1.0,6.0,1.0,0.0,call_110.mp3,Shooting,1
111,Maryland,1.0,1.0,1.0,0.0,call_111.mp3,Fire,2
112,California,1.0,2.0,1.0,0.0,call_112.mp3,Shooting,1
113,Maryland,1.0,0.0,1.0,0.0,call_113.mp3,Robbery,3
114,Oregon,1.0,0.0,1.0,0.0,call_114.mp3,Medical,3
115,Arizona,1.0,0.0,1.0,0.0,call_115.mp3,Animal,3
116,Florida,1.0,0.0,0.0,0.0,call_116.mp3,Burglary,3
117,North Carolina,1.0,1.0,0.0,0.0,call_117.mp3,Assault,1
118,Indiana,1.0,0.0,1.0,0.0,call_118.mp3,Accident,2
119,Florida,1.0,0.0,1.0,0.0,call_119.mp3,Burglary,2
120,New York,0.0,0.0,1.0,0.0,call_120.mp3,Shooting,1
121,New Jersey,0.0,1.0,1.0,0.0,call_121.mp3,Shooting,1
122,Iowa,1.0,2.0,1.0,0.0,call_122.mp3,Fire,2
123,California,1.0,0.0,0.0,0.0,call_123.mp3,Other,5
124,Florida,1.0,1.0,1.0,0.0,call_124.mp3,Accident,2
125,South Carolina,1.0,4.0,1.0,0.0,call_125.mp3,Domestic,2
126,Massachusetts,1.0,0.0,1.0,0.0,call_126.mp3,Shooting,1
127,Utah,1.0,2.0,1.0,0.0,call_127.mp3,Fire,2
128,Washington,0.0,2.0,1.0,0.0,call_128.mp3,Shooting,1
129,Ohio,1.0,0.0,1.0,0.0,call_129.mp3,Medical,3
130,Georgia,1.0,1.0,1.0,0.0,call_130.mp3,Shooting,1
131,Virginia,1.0,0.0,1.0,0.0,call_131.mp3,Accident,2
132,Michigan,1.0,0.0,1.0,0.0,call_132.mp3,Burglary,2
133,North Carolina,1.0,2.0,1.0,0.0,call_133.mp3,Shooting,1
134,Ohio,1.0,3.0,1.0,0.0,call_134.mp3,Accident,2
135,Texas,1.0,1.0,0.0,0.0,call_135.mp3,Assault,1
136,Michigan,1.0,0.0,1.0,0.0,call_136.mp3,Burglary,2
137,Ohio,1.0,0.0,0.0,0.0,call_137.mp3,Accident,3
138,Florida,1.0,0.0,1.0,0.0,call_138.mp3,Medical,3
139,Oklahoma,1.0,1.0,1.0,0.0,call_139.mp3,Missing,2
140,Texas,1.0,2.0,1.0,0.0,call_140.mp3,Accident,2
141,Florida,1.0,1.0,1.0,0.0,call_141.mp3,Assault,1
142,Illinois,1.0,1.0,1.0,0.0,call_142.mp3,Shooting,1
143,North Carolina,0.0,1.0,1.0,0.0,call_143.mp3,Shooting,1
144,Oklahoma,1.0,1.0,1.0,0.0,call_144.mp3,Medical,3
145,Oklahoma,1.0,0.0,0.0,0.0,call_145.mp3,Burglary,3
146,Florida,1.0,0.0,1.0,0.0,call_146.mp3,Shooting,1
147,Oklahoma,1.0,0.0,1.0,0.0,call_147.mp3,Medical,3
148,Tennessee,1.0,0.0,0.0,0.0,call_148.mp3,Accident,3
149,New Jersey,0.0,1.0,1.0,0.0,call_149.mp3,Shooting,1
150,DC,0.0,0.0,1.0,0.0,call_150.mp3,Fire,3
151,Pennsylvania,0.0,0.0,1.0,0.0,call_151.mp3,Shooting,1
152,Colorado,1.0,0.0,1.0,0.0,call_152.mp3,Burglary,2
153,Georgia,1.0,1.0,1.0,0.0,call_153.mp3,Accident,2
154,California,1.0,0.0,1.0,0.0,call_154.mp3,Assault,1
155,Georgia,1.0,0.0,1.0,0.0,call_155.mp3,Assault,1
156,Illinois,1.0,1.0,1.0,0.0,call_156.mp3,Assault,1
157,Florida,1.0,0.0,1.0,0.0,call_157.mp3,Accident,2
158,Pennsylvania,1.0,2.0,1.0,0.0,call_158.mp3,Domestic,2
159,Florida,1.0,1.0,1.0,0.0,call_159.mp3,Robbery,3
160,Utah,1.0,0.0,1.0,0.0,call_160.mp3,Accident,2
161,Maryland,0.0,0.0,1.0,0.0,call_161.mp3,Accident,3
162,North Carolina,1.0,1.0,1.0,0.0,call_162.mp3,Medical,3
163,Kentucky,1.0,1.0,1.0,0.0,call_163.mp3,Medical,3
164,Florida,1.0,1.0,1.0,0.0,call_164.mp3,Shooting,1
165,New Jersey,1.0,0.0,1.0,0.0,call_165.mp3,Accident,2
166,California,0.0,1.0,1.0,0.0,call_166.mp3,Shooting,1
167,Ohio,1.0,8.0,1.0,0.0,call_167.mp3,Shooting,1
168,Ohio,1.0,1.0,1.0,0.0,call_168.mp3,Assault,1
169,Colorado,1.0,0.0,0.0,1.0,call_169.mp3,Other,5
170,Colorado,1.0,0.0,1.0,0.0,call_170.mp3,Accident,2
171,Nevada,1.0,5.0,1.0,0.0,call_171.mp3,Shooting,1
172,North Carolina,1.0,1.0,0.0,0.0,call_172.mp3,Accident,3
173,Canada,1.0,1.0,0.0,0.0,call_173.mp3,Assault,1
174,Florida,1.0,0.0,0.0,0.0,call_174.mp3,Animal,3
175,Washington,1.0,1.0,1.0,0.0,call_175.mp3,Burglary,2
176,California,1.0,8.0,1.0,0.0,call_176.mp3,Shooting,1
177,New York,1.0,2.0,1.0,0.0,call_177.mp3,Shooting,1
178,California,1.0,0.0,1.0,0.0,call_178.mp3,Accident,2
179,California,1.0,4.0,1.0,0.0,call_179.mp3,Shooting,1
180,New York,1.0,1.0,1.0,0.0,call_180.mp3,Assault,1
181,Idaho,1.0,1.0,1.0,0.0,call_181.mp3,Shooting,1
182,South Carolina,1.0,1.0,1.0,0.0,call_182.mp3,Shooting,1
183,Illinois,1.0,2.0,1.0,0.0,call_183.mp3,Assault,1
184,Florida,1.0,0.0,0.0,0.0,call_184.mp3,Other,5
185,Colorado,1.0,0.0,1.0,0.0,call_185.mp3,Burglary,2
186,Florida,1.0,0.0,1.0,0.0,call_186.mp3,Assault,1
187,Louisiana,1.0,2.0,1.0,0.0,call_187.mp3,Accident,2
188,Texas,1.0,5.0,1.0,0.0,call_188.mp3,Shooting,1
189,California,1.0,3.0,1.0,0.0,call_189.mp3,Shooting,1
190,Florida,1.0,0.0,1.0,0.0,call_190.mp3,Burglary,2
191,Florida,1.0,1.0,1.0,0.0,call_191.mp3,Assault,1
192,North Carolina,1.0,0.0,1.0,0.0,call_192.mp3,Shooting,1
193,Massachusetts,1.0,0.0,1.0,0.0,call_193.mp3,Accident,2
194,Texas,1.0,1.0,1.0,0.0,call_194.mp3,Shooting,1
195,Ohio,1.0,1.0,1.0,0.0,call_195.mp3,Accident,2
196,Wisconsin,1.0,1.0,1.0,0.0,call_196.mp3,Shooting,1
197,Michigan,1.0,1.0,1.0,0.0,call_197.mp3,Assault,1
198,California,1.0,0.0,1.0,0.0,call_198.mp3,Burglary,2
199,Michigan,1.0,1.0,0.0,0.0,call_199.mp3,Medical,3
200,Illinois,1.0,2.0,1.0,0.0,call_200.mp3,Assault,1
201,Ohio,1.0,0.0,0.0,0.0,call_201.mp3,Robbery,3
202,North Carolina,0.0,0.0,1.0,0.0,call_202.mp3,Shooting,1
203,Connecticut,1.0,0.0,0.0,0.0,call_203.mp3,Missing,3
204,North Carolina,1.0,1.0,1.0,0.0,call_204.mp3,Missing,2
205,Ohio,1.0,0.0,1.0,0.0,call_205.mp3,Assault,1
206,Florida,1.0,10.0,1.0,0.0,call_206.mp3,Accident,2
207,Utah,0.0,1.0,0.0,0.0,,Shooting,1
208,North Carolina,1.0,0.0,1.0,0.0,call_208.mp3,Other,5
209,Illinois,1.0,1.0,1.0,0.0,call_209.mp3,Assault,1
210,Florida,1.0,0.0,1.0,0.0,call_210.mp3,Burglary,2
211,Florida,1.0,0.0,0.0,1.0,call_211.mp3,Other,5
212,Oregon,1.0,1.0,1.0,0.0,call_212.mp3,Robbery,3
213,Utah,1.0,1.0,1.0,0.0,call_213.mp3,Shooting,1
214,Michigan,1.0,0.0,0.0,0.0,call_214.mp3,Burglary,3
215,Ohio,1.0,0.0,1.0,0.0,call_215.mp3,Medical,3
216,Florida,1.0,1.0,0.0,0.0,call_216.mp3,Domestic,3
217,Oklahoma,1.0,0.0,1.0,0.0,call_217.mp3,Assault,1
218,Oklahoma,1.0,1.0,1.0,0.0,call_218.mp3,Assault,1
219,Colorado,1.0,2.0,1.0,0.0,call_219.mp3,Accident,2
220,Ohio,1.0,0.0,1.0,0.0,call_220.mp3,Missing,2
221,Wisconsin,1.0,1.0,1.0,0.0,call_221.mp3,Accident,2
222,Iowa,1.0,0.0,1.0,0.0,call_222.mp3,Other,5
223,Utah,1.0,1.0,1.0,0.0,call_223.mp3,Shooting,1
224,Washington,1.0,0.0,1.0,0.0,call_224.mp3,Assault,1
225,Michigan,1.0,3.0,1.0,0.0,call_225.mp3,Domestic,2
226,Ohio,1.0,2.0,1.0,0.0,call_226.mp3,Shooting,1
227,Maryland,1.0,0.0,1.0,0.0,call_227.mp3,Other,5
228,Michigan,1.0,0.0,1.0,0.0,call_228.mp3,Other,5
229,North Carolina,1.0,0.0,1.0,0.0,call_229.mp3,Medical,3
230,Washington,1.0,1.0,1.0,0.0,call_230.mp3,Domestic,2
231,Illinois,1.0,1.0,1.0,0.0,call_231.mp3,Assault,1
232,Georgia,1.0,2.0,1.0,0.0,call_232.mp3,Shooting,1
233,Iowa,1.0,2.0,1.0,0.0,call_233.mp3,Shooting,1
234,Florida,1.0,1.0,1.0,0.0,call_234.mp3,Shooting,1
235,Oklahoma,1.0,3.0,1.0,0.0,call_235.mp3,Fire,2
236,Connecticut,1.0,1.0,1.0,0.0,call_236.mp3,Medical,3
237,Arizona,1.0,4.0,1.0,0.0,call_237.mp3,Animal,2
238,North Carolina,1.0,1.0,1.0,0.0,call_238.mp3,Shooting,1
239,Utah,1.0,0.0,0.0,0.0,call_239.mp3,Burglary,3
240,Florida,1.0,3.0,1.0,0.0,call_240.mp3,Shooting,1
241,Canada,1.0,0.0,0.0,0.0,call_241.mp3,Other,5
242,Florida,1.0,5.0,1.0,0.0,call_242.mp3,Domestic,2
243,Pennsylvania,1.0,1.0,1.0,0.0,call_243.mp3,Shooting,1
244,Florida,1.0,1.0,1.0,0.0,call_244.mp3,Assault,1
245,Washington,1.0,6.0,1.0,0.0,call_245.mp3,Shooting,1
246,Florida,1.0,1.0,1.0,0.0,call_246.mp3,Assault,1
247,Connecticut,1.0,0.0,0.0,1.0,call_247.mp3,Other,5
248,Wisconsin,1.0,0.0,1.0,0.0,call_248.mp3,Medical,3
249,Florida,1.0,0.0,1.0,0.0,call_249.mp3,Burglary,2
250,North Carolina,1.0,0.0,1.0,0.0,call_250.mp3,Burglary,2
251,Texas,1.0,0.0,0.0,1.0,call_251.mp3,Burglary,3
252,California,1.0,1.0,1.0,0.0,call_252.mp3,Medical,3
253,Florida,1.0,2.0,1.0,0.0,call_253.mp3,Domestic,2
254,North Carolina,1.0,0.0,1.0,0.0,call_254.mp3,Assault,1
255,Colorado,1.0,0.0,1.0,0.0,call_255.mp3,Shooting,1
256,Ohio,1.0,1.0,0.0,0.0,call_256.mp3,Assault,1
257,Florida,1.0,0.0,1.0,0.0,call_257.mp3,Animal,3
258,Ohio,1.0,0.0,0.0,0.0,call_258.mp3,Domestic,3
259,Colorado,0.0,12.0,1.0,0.0,call_259.mp3,Shooting,1
260,Wisconsin,1.0,6.0,1.0,0.0,call_260.mp3,Shooting,1
261,Illinois,1.0,0.0,0.0,0.0,call_261.mp3,Accident,3
262,Ohio,1.0,1.0,1.0,0.0,call_262.mp3,Shooting,1
263,Wisconsin,1.0,6.0,1.0,0.0,call_263.mp3,Domestic,2
264,New Jersey,1.0,2.0,1.0,0.0,call_264.mp3,Assault,1
265,Kentucky,1.0,1.0,1.0,0.0,call_265.mp3,Burglary,2
266,Washington,1.0,1.0,1.0,0.0,call_266.mp3,Shooting,1
267,New Jersey,1.0,3.0,1.0,0.0,call_267.mp3,Medical,3
268,Oregon,1.0,0.0,1.0,0.0,call_268.mp3,Shooting,1
269,Florida,1.0,0.0,1.0,0.0,call_269.mp3,Other,5
270,Virginia,1.0,0.0,1.0,0.0,call_270.mp3,Shooting,1
271,Texas,1.0,2.0,1.0,0.0,call_271.mp3,Missing,2
272,Ohio,1.0,1.0,0.0,0.0,call_272.mp3,Assault,1
273,Texas,1.0,0.0,0.0,0.0,,Accident,3
274,New York,1.0,0.0,1.0,0.0,call_274.mp3,Medical,3
275,California,1.0,1.0,1.0,0.0,call_275.mp3,Domestic,2
276,Washington,1.0,2.0,1.0,0.0,call_276.mp3,Medical,3
277,Texas,1.0,1.0,1.0,0.0,call_277.mp3,Accident,2
278,West Virginia,1.0,0.0,0.0,0.0,call_278.mp3,Assault,1
279,Utah,1.0,1.0,1.0,0.0,call_279.mp3,Medical,3
280,Michigan,1.0,0.0,1.0,0.0,call_280.mp3,Medical,3
281,California,1.0,1.0,1.0,0.0,call_281.mp3,Assault,1
282,Michigan,1.0,3.0,1.0,0.0,call_282.mp3,Burglary,2
283,Oklahoma,1.0,0.0,0.0,0.0,call_283.mp3,Other,5
284,Colorado,1.0,1.0,1.0,0.0,call_284.mp3,Terror,3
285,Massachusetts,0.0,3.0,1.0,0.0,call_285.mp3,Disaster,3
286,Texas,1.0,15.0,1.0,0.0,call_286.mp3,Shooting,1
287,Virginia,1.0,2.0,1.0,0.0,call_287.mp3,Shooting,1
288,California,0.0,1.0,1.0,0.0,call_288.mp3,Domestic,3
289,California,1.0,3.0,1.0,0.0,call_289.mp3,Medical,3
290,Ohio,1.0,0.0,1.0,0.0,call_290.mp3,Burglary,2
291,Ohio,1.0,0.0,1.0,0.0,call_291.mp3,Terror,3
292,Oregon,1.0,3.0,1.0,0.0,call_292.mp3,Assault,1
293,North Carolina,1.0,1.0,1.0,0.0,call_293.mp3,Shooting,1
294,Utah,1.0,1.0,1.0,0.0,call_294.mp3,Other,5
295,Virginia,1.0,1.0,1.0,0.0,call_295.mp3,Burglary,2
296,Wisconsin,1.0,0.0,1.0,0.0,call_296.mp3,Burglary,2
297,Florida,1.0,0.0,1.0,0.0,call_297.mp3,Medical,3
298,Illinois,1.0,1.0,1.0,0.0,call_298.mp3,Shooting,1
299,California,1.0,0.0,1.0,0.0,call_299.mp3,Burglary,2
300,Michigan,1.0,1.0,1.0,0.0,call_300.mp3,Shooting,1
301,Georgia,1.0,1.0,1.0,0.0,call_301.mp3,Assault,1
302,Utah,1.0,0.0,1.0,0.0,call_302.mp3,Shooting,1
303,Ohio,1.0,1.0,1.0,0.0,call_303.mp3,Assault,1
304,Oklahoma,1.0,1.0,1.0,0.0,call_304.mp3,Accident,2
305,California,1.0,1.0,1.0,0.0,call_305.mp3,Fire,2
306,Florida,0.0,0.0,1.0,0.0,,Shooting,1
307,Utah,1.0,0.0,1.0,0.0,call_307.mp3,Medical,3
308,California,1.0,2.0,1.0,0.0,call_308.mp3,Accident,2
309,Florida,1.0,0.0,1.0,0.0,call_309.mp3,Medical,3
310,Kansas,1.0,1.0,1.0,0.0,call_310.mp3,Accident,2
311,Utah,1.0,1.0,1.0,0.0,call_311.mp3,Shooting,1
312,Illinois,1.0,1.0,1.0,0.0,call_312.mp3,Accident,2
313,Florida,0.0,0.0,0.0,0.0,call_313.mp3,Accident,4
314,California,1.0,5.0,1.0,0.0,call_314.mp3,Fire,2
315,Georgia,1.0,0.0,1.0,0.0,call_315.mp3,Assault,1
316,Iowa,1.0,1.0,1.0,0.0,call_316.mp3,Shooting,1
317,Ohio,1.0,1.0,1.0,0.0,,Assault,1
318,Arkansas,1.0,0.0,1.0,0.0,call_318.mp3,Fire,2
319,Georgia,1.0,0.0,0.0,1.0,call_319.mp3,Other,5
320,Oregon,1.0,0.0,0.0,0.0,call_320.mp3,Assault,1
321,Washington,1.0,1.0,1.0,0.0,call_321.mp3,Assault,1
322,Nevada,1.0,2.0,1.0,0.0,call_322.mp3,Shooting,1
323,North Carolina,1.0,2.0,1.0,0.0,call_323.mp3,Other,5
324,Canada,1.0,47.0,1.0,0.0,call_324.mp3,Disaster,1
325,North Carolina,1.0,0.0,0.0,0.0,call_325.mp3,Shooting,1
326,Florida,1.0,0.0,1.0,0.0,call_326.mp3,Domestic,2
327,North Carolina,1.0,0.0,1.0,0.0,call_327.mp3,Shooting,1
328,Canada,1.0,0.0,1.0,0.0,call_328.mp3,Assault,1
329,Florida,1.0,0.0,1.0,0.0,call_329.mp3,Assault,1
330,California,0.0,1.0,1.0,0.0,call_330.mp3,Assault,1
331,Ohio,1.0,1.0,1.0,0.0,call_331.mp3,Assault,1
332,Michigan,1.0,1.0,1.0,0.0,call_332.mp3,Accident,2
333,Michigan,1.0,0.0,1.0,0.0,call_333.mp3,Missing,2
334,South Carolina,1.0,5.0,1.0,0.0,call_334.mp3,Shooting,1
335,North Carolina,1.0,1.0,1.0,0.0,call_335.mp3,Assault,1
336,Oregon,1.0,1.0,1.0,0.0,call_336.mp3,Animal,3
337,Arizona,1.0,1.0,1.0,0.0,call_337.mp3,Shooting,1
338,New Mexico,1.0,1.0,1.0,0.0,call_338.mp3,Shooting,1
339,Arizona,1.0,1.0,1.0,0.0,call_339.mp3,Shooting,1
340,Indiana,1.0,1.0,1.0,0.0,call_340.mp3,Assault,1
341,Connecticut,1.0,27.0,1.0,0.0,call_341.mp3,Shooting,1
342,Iowa,1.0,1.0,1.0,0.0,call_342.mp3,Shooting,1
343,Colorado,1.0,1.0,1.0,0.0,call_343.mp3,Shooting,1
344,Illinois,1.0,1.0,1.0,0.0,call_344.mp3,Shooting,1
345,Washington,1.0,1.0,1.0,0.0,call_345.mp3,Medical,3
346,Massachusetts,1.0,0.0,1.0,0.0,call_346.mp3,Medical,3
347,Nevada,1.0,2.0,1.0,0.0,call_347.mp3,Shooting,1
348,Arizona,1.0,1.0,1.0,0.0,call_348.mp3,Accident,2
349,Arizona,1.0,1.0,1.0,0.0,call_349.mp3,Robbery,3
350,North Dakota,1.0,0.0,1.0,0.0,call_350.mp3,Fire,2
351,Wisconsin,1.0,1.0,1.0,0.0,call_351.mp3,Medical,3
352,New Jersey,1.0,1.0,1.0,0.0,call_352.mp3,Shooting,1
353,South Carolina,1.0,0.0,1.0,0.0,call_353.mp3,Burglary,2
354,Florida,1.0,1.0,1.0,0.0,call_354.mp3,Shooting,1
355,Maryland,1.0,2.0,1.0,0.0,call_355.mp3,Robbery,3
356,North Carolina,1.0,1.0,1.0,0.0,call_356.mp3,Assault,1
357,Illinois,1.0,0.0,1.0,0.0,call_357.mp3,Missing,2
358,Wisconsin,1.0,0.0,1.0,0.0,call_358.mp3,Medical,3
359,Florida,1.0,1.0,1.0,0.0,call_359.mp3,Missing,2
360,Louisiana,1.0,4.0,1.0,0.0,call_360.mp3,Shooting,1
361,Michigan,1.0,0.0,1.0,0.0,call_361.mp3,Fire,2
362,Michigan,1.0,0.0,1.0,0.0,call_362.mp3,Shooting,1
363,Florida,0.0,1.0,1.0,0.0,call_363.mp3,Other,5
364,Florida,1.0,1.0,1.0,1.0,call_364.mp3,Shooting,1
365,Kentucky,1.0,1.0,1.0,0.0,call_365.mp3,Missing,2
366,North Carolina,1.0,1.0,1.0,0.0,call_366.mp3,Shooting,1
367,Tennessee,1.0,0.0,0.0,0.0,call_367.mp3,Domestic,3
368,,,,,,,Unknown,4
369,Texas,1.0,1.0,1.0,0.0,call_369.mp3,Other,5
370,Texas,1.0,1.0,1.0,0.0,call_370.mp3,Shooting,1
371,North Carolina,1.0,0.0,0.0,1.0,call_371.mp3,Missing,3
372,Florida,1.0,0.0,1.0,0.0,call_372.mp3,Medical,3
373,Missouri,1.0,0.0,1.0,0.0,call_373.mp3,Accident,2
374,Florida,1.0,1.0,1.0,0.0,call_374.mp3,Assault,1
375,Idaho,1.0,1.0,1.0,0.0,call_375.mp3,Accident,2
376,Massachusetts,1.0,0.0,1.0,0.0,call_376.mp3,Burglary,2
377,Florida,1.0,2.0,1.0,0.0,call_377.mp3,Domestic,2
378,Florida,1.0,0.0,1.0,0.0,call_378.mp3,Robbery,3
379,Michigan,1.0,2.0,1.0,0.0,call_379.mp3,Accident,2
380,Texas,1.0,0.0,1.0,0.0,call_380.mp3,Medical,3
381,North Carolina,1.0,2.0,1.0,0.0,call_381.mp3,Assault,1
382,,1.0,1.0,1.0,0.0,call_382.mp3,Assault,1
383,Indiana,1.0,0.0,1.0,0.0,call_383.mp3,Assault,1
384,Oklahoma,1.0,0.0,1.0,0.0,call_384.mp3,Medical,3
385,Texas,1.0,2.0,1.0,0.0,call_385.mp3,Missing,2
386,Arizona,0.0,6.0,1.0,0.0,,Accident,3
387,North Carolina,1.0,1.0,1.0,0.0,call_387.mp3,Missing,2
388,Florida,1.0,1.0,1.0,0.0,call_388.mp3,Missing,2
389,Florida,1.0,1.0,1.0,0.0,call_389.mp3,Medical,3
390,Florida,1.0,1.0,1.0,0.0,call_390.mp3,Fire,2
391,Ohio,1.0,1.0,1.0,0.0,call_391.mp3,Domestic,2
392,Alaska,1.0,0.0,0.0,0.0,call_392.mp3,Animal,3
393,Texas,1.0,0.0,1.0,0.0,call_393.mp3,Assault,1
394,Washington,1.0,0.0,1.0,0.0,call_394.mp3,Accident,2
395,Nevada,0.0,3.0,1.0,0.0,call_395.mp3,Accident,3
396,,,,,,,Other,5
397,Tennessee,1.0,0.0,0.0,1.0,call_397.mp3,Other,5
398,Washington,1.0,0.0,0.0,1.0,call_398.mp3,Other,5
399,Nevada,1.0,0.0,1.0,0.0,call_399.mp3,Assault,1
400,Massachusetts,1.0,0.0,0.0,0.0,call_400.mp3,Missing,3
401,Arizona,1.0,0.0,1.0,0.0,call_401.mp3,Animal,3
402,California,1.0,25.0,1.0,0.0,call_402.mp3,Accident,2
403,Tennessee,1.0,0.0,0.0,0.0,call_403.mp3,Accident,3
404,Texas,1.0,1.0,1.0,0.0,call_404.mp3,Robbery,3
405,Massachusetts,1.0,0.0,1.0,0.0,call_405.mp3,Medical,3
406,Missouri,1.0,0.0,1.0,0.0,call_406.mp3,Medical,3
407,Florida,1.0,1.0,1.0,0.0,call_407.mp3,Assault,1
408,California,1.0,1.0,1.0,0.0,call_408.mp3,Shooting,1
409,Indiana,1.0,0.0,1.0,0.0,call_409.mp3,Burglary,2
410,Michigan,1.0,1.0,1.0,0.0,,Assault,1
411,Texas,1.0,0.0,1.0,0.0,call_411.mp3,Accident,2
412,Ohio,1.0,0.0,0.0,0.0,call_412.mp3,Assault,1
413,North Carolina,1.0,1.0,1.0,0.0,call_413.mp3,Shooting,1
414,Virginia,1.0,0.0,0.0,1.0,call_414.mp3,Accident,3
415,Wisconsin,1.0,0.0,0.0,0.0,call_415.mp3,Other,5
416,Texas,1.0,0.0,1.0,0.0,call_416.mp3,Medical,3
417,Colorado,1.0,1.0,1.0,0.0,call_417.mp3,Assault,1
418,California,1.0,1.0,1.0,0.0,call_418.mp3,Assault,1
419,Washington,1.0,1.0,1.0,0.0,,Shooting,1
420,Utah,1.0,3.0,1.0,0.0,call_420.mp3,Domestic,2
421,New Mexico,1.0,0.0,1.0,0.0,call_421.mp3,Missing,2
422,Oregon,1.0,0.0,0.0,0.0,call_422.mp3,Animal,3
423,Florida,1.0,1.0,1.0,0.0,call_423.mp3,Medical,3
424,Kentucky,1.0,0.0,1.0,0.0,,Assault,1
425,New Jersey,1.0,4.0,1.0,0.0,call_425.mp3,Fire,2
426,South Carolina,1.0,3.0,1.0,0.0,call_426.mp3,Shooting,1
427,California,1.0,1.0,1.0,0.0,call_427.mp3,Accident,2
428,Oregon,1.0,1.0,1.0,0.0,call_428.mp3,Shooting,1
429,Ohio,1.0,1.0,1.0,0.0,call_429.mp3,Medical,3
430,California,1.0,0.0,1.0,0.0,call_430.mp3,Fire,2
431,North Carolina,1.0,1.0,1.0,0.0,,Shooting,1
432,California,1.0,10.0,1.0,0.0,,Accident,2
433,North Carolina,1.0,2.0,1.0,0.0,call_433.mp3,Assault,1
434,Georgia,1.0,1.0,1.0,0.0,call_434.mp3,Shooting,1
435,New York,1.0,2.0,1.0,0.0,call_435.mp3,Assault,1
436,Florida,1.0,0.0,1.0,0.0,call_436.mp3,Medical,3
437,New York,1.0,0.0,1.0,0.0,call_437.mp3,Fire,2
438,Massachusetts,1.0,7.0,1.0,0.0,call_438.mp3,Accident,2
439,Florida,1.0,0.0,1.0,0.0,call_439.mp3,Burglary,2
440,North Carolina,1.0,0.0,1.0,0.0,call_440.mp3,Medical,3
441,Oregon,1.0,2.0,1.0,0.0,call_441.mp3,Shooting,1
442,Washington,1.0,1.0,1.0,0.0,call_442.mp3,Shooting,1
443,Florida,1.0,1.0,1.0,0.0,call_443.mp3,Accident,2
444,Florida,1.0,2.0,1.0,0.0,call_444.mp3,Accident,2
445,California,1.0,0.0,1.0,0.0,call_445.mp3,Burglary,2
446,Florida,1.0,1.0,1.0,0.0,call_446.mp3,Shooting,1
447,North Carolina,1.0,0.0,1.0,0.0,call_447.mp3,Robbery,3
448,Washington,1.0,1.0,1.0,0.0,,Shooting,1
449,Maine,1.0,1.0,1.0,0.0,,Domestic,2
450,Nevada,1.0,1.0,1.0,0.0,call_450.mp3,Accident,2
451,South Carolina,1.0,1.0,1.0,0.0,call_451.mp3,Medical,3
452,Michigan,1.0,1.0,1.0,0.0,call_452.mp3,Shooting,1
453,North Carolina,1.0,1.0,1.0,0.0,call_453.mp3,Shooting,1
454,Colorado,1.0,0.0,1.0,0.0,call_454.mp3,Assault,1
455,Arizona,1.0,0.0,1.0,0.0,call_455.mp3,Assault,1
456,New Mexico,1.0,1.0,1.0,0.0,call_456.mp3,Shooting,1
457,Utah,1.0,0.0,0.0,0.0,call_457.mp3,Missing,3
458,Florida,1.0,1.0,0.0,0.0,call_458.mp3,Domestic,3
459,Utah,1.0,0.0,1.0,0.0,call_459.mp3,Shooting,1
460,California,1.0,1.0,1.0,0.0,call_460.mp3,Domestic,2
461,Washington,0.0,2.0,1.0,0.0,call_461.mp3,Shooting,1
462,Oklahoma,1.0,1.0,1.0,0.0,call_462.mp3,Shooting,1
463,Florida,0.0,1.0,1.0,0.0,call_463.mp3,Shooting,1
464,Ohio,1.0,0.0,1.0,0.0,call_464.mp3,Shooting,1
465,North Carolina,1.0,1.0,1.0,0.0,call_465.mp3,Domestic,2
466,Florida,1.0,0.0,0.0,0.0,call_466.mp3,Robbery,3
467,Georgia,1.0,1.0,1.0,0.0,call_467.mp3,Accident,2
468,Arizona,1.0,1.0,1.0,0.0,call_468.mp3,Assault,1
469,California,1.0,0.0,1.0,0.0,call_469.mp3,Medical,3
470,Connecticut,1.0,0.0,1.0,0.0,call_470.mp3,Assault,1
471,Arizona,1.0,0.0,1.0,0.0,call_471.mp3,Animal,3
472,California,1.0,1.0,1.0,0.0,call_472.mp3,Assault,1
473,North Carolina,1.0,1.0,1.0,0.0,call_473.mp3,Shooting,1
474,New Jersey,1.0,1.0,1.0,0.0,call_474.mp3,Assault,1
475,North Carolina,1.0,0.0,0.0,0.0,call_475.mp3,Domestic,3
476,North Carolina,1.0,1.0,1.0,0.0,call_476.mp3,Burglary,2
477,Florida,1.0,0.0,0.0,0.0,call_477.mp3,Assault,1
478,Florida,1.0,1.0,1.0,0.0,call_478.mp3,Assault,1
479,Kentucky,1.0,1.0,1.0,0.0,call_479.mp3,Robbery,3
480,Florida,1.0,0.0,1.0,0.0,call_480.mp3,Robbery,3
481,California,1.0,10.0,1.0,0.0,call_481.mp3,Fire,2
482,North Carolina,1.0,1.0,1.0,0.0,call_482.mp3,Accident,2
483,Kansas,1.0,0.0,1.0,0.0,call_483.mp3,Accident,2
484,Florida,1.0,1.0,1.0,0.0,call_484.mp3,Domestic,2
485,Indiana,1.0,0.0,1.0,0.0,call_485.mp3,Accident,2
486,North Carolina,1.0,0.0,1.0,0.0,call_486.mp3,Assault,1
487,Florida,1.0,1.0,1.0,0.0,call_487.mp3,Accident,2
488,Ohio,1.0,1.0,1.0,0.0,call_488.mp3,Medical,3
489,Indiana,1.0,0.0,1.0,0.0,call_489.mp3,Burglary,2
490,Florida,1.0,0.0,1.0,0.0,call_490.mp3,Accident,2
491,California,1.0,0.0,1.0,0.0,call_491.mp3,Medical,3
492,Utah,1.0,0.0,1.0,0.0,call_492.mp3,Fire,2
493,Wisconsin,1.0,1.0,1.0,0.0,call_493.mp3,Domestic,2
494,New York,1.0,0.0,1.0,0.0,call_494.mp3,Accident,2
495,North Dakota,1.0,1.0,1.0,0.0,,Accident,2
496,Florida,1.0,0.0,0.0,1.0,call_496.mp3,Other,5
497,Tennessee,1.0,1.0,1.0,0.0,call_497.mp3,Assault,1
498,Florida,1.0,1.0,1.0,0.0,call_498.mp3,Medical,3
499,Utah,1.0,0.0,1.0,0.0,call_499.mp3,Accident,2
500,North Carolina,0.0,0.0,1.0,0.0,,Assault,1
501,California,1.0,0.0,1.0,0.0,call_501.mp3,Medical,3
502,Florida,1.0,0.0,0.0,1.0,call_502.mp3,Other,5
503,Texas,1.0,0.0,1.0,0.0,call_503.mp3,Assault,1
504,Virginia,1.0,1.0,1.0,0.0,,Accident,2
505,Maryland,1.0,0.0,0.0,0.0,call_505.mp3,Other,5
506,Florida,1.0,1.0,1.0,0.0,call_506.mp3,Missing,2
507,Pennsylvania,1.0,1.0,1.0,0.0,call_507.mp3,Fire,2
508,Ohio,1.0,0.0,1.0,0.0,call_508.mp3,Robbery,3
509,Wisconsin,,,,,,Other,5
510,Connecticut,1.0,0.0,1.0,0.0,call_510.mp3,Animal,3
511,New York,0.0,0.0,1.0,0.0,,Accident,3
512,Alaska,0.0,1.0,1.0,0.0,call_512.mp3,Accident,3
513,Wisconsin,1.0,3.0,1.0,0.0,call_513.mp3,Accident,2
514,Wisconsin,1.0,7.0,1.0,0.0,call_514.mp3,Shooting,1
515,Colorado,1.0,2.0,1.0,0.0,call_515.mp3,Domestic,2
516,Oklahoma,1.0,3.0,1.0,0.0,call_516.mp3,Assault,1
517,Texas,1.0,1.0,1.0,0.0,call_517.mp3,Missing,2
518,Indiana,0.0,0.0,1.0,0.0,call_518.mp3,Shooting,1
519,Massachusetts,1.0,1.0,1.0,0.0,call_519.mp3,Fire,2
520,Texas,1.0,1.0,1.0,0.0,call_520.mp3,Accident,2
521,Florida,1.0,1.0,1.0,0.0,call_521.mp3,Assault,1
522,North Carolina,0.0,1.0,1.0,0.0,call_522.mp3,Accident,3
523,Michigan,1.0,2.0,1.0,0.0,call_523.mp3,Assault,1
524,Florida,1.0,0.0,0.0,1.0,call_524.mp3,Other,5
525,Texas,1.0,0.0,1.0,0.0,call_525.mp3,Assault,1
526,California,1.0,0.0,1.0,0.0,call_526.mp3,Missing,2
527,South Carolina,1.0,5.0,1.0,0.0,call_527.mp3,Domestic,2
528,South Carolina,1.0,1.0,1.0,0.0,call_528.mp3,Assault,1
529,Tennessee,1.0,0.0,1.0,0.0,call_529.mp3,Burglary,2
530,Florida,1.0,2.0,1.0,0.0,call_530.mp3,Assault,1
531,Oklahoma,1.0,0.0,1.0,0.0,call_531.mp3,Fire,2
532,New Jersey,1.0,0.0,1.0,0.0,call_532.mp3,Assault,1
533,Maryland,1.0,0.0,1.0,0.0,call_533.mp3,Accident,2
534,New York,1.0,0.0,1.0,0.0,call_534.mp3,Fire,2
535,Connecticut,1.0,0.0,0.0,0.0,call_535.mp3,Assault,1
536,Florida,1.0,2.0,1.0,0.0,call_536.mp3,Domestic,2
537,Florida,1.0,0.0,1.0,0.0,call_537.mp3,Medical,3
538,Florida,1.0,3.0,1.0,0.0,call_538.mp3,Shooting,1
539,New York,1.0,15.0,1.0,0.0,call_539.mp3,Shooting,1
540,Texas,1.0,0.0,0.0,1.0,call_540.mp3,Other,5
541,California,1.0,6.0,1.0,0.0,call_541.mp3,Domestic,2
542,Florida,1.0,0.0,0.0,0.0,call_542.mp3,Burglary,3
543,Florida,1.0,0.0,1.0,0.0,call_543.mp3,Medical,3
544,Virginia,1.0,1.0,1.0,0.0,call_544.mp3,Assault,1
545,Arizona,1.0,0.0,1.0,0.0,call_545.mp3,Animal,3
546,Michigan,1.0,0.0,1.0,0.0,call_546.mp3,Medical,3
547,Ohio,1.0,0.0,1.0,0.0,call_547.mp3,Accident,2
548,California,1.0,0.0,0.0,1.0,call_548.mp3,Other,5
549,California,1.0,1.0,1.0,0.0,call_549.mp3,Assault,1
550,Wisconsin,1.0,1.0,1.0,0.0,call_550.mp3,Shooting,1
551,Illinois,1.0,3.0,1.0,0.0,call_551.mp3,Assault,1
552,Tennessee,1.0,2.0,1.0,0.0,call_552.mp3,Disaster,3
553,Idaho,1.0,0.0,1.0,0.0,call_553.mp3,Medical,3
554,New York,1.0,1.0,1.0,0.0,call_554.mp3,Assault,1
555,Iowa,1.0,1.0,1.0,0.0,call_555.mp3,Shooting,1
556,New York,1.0,1.0,1.0,0.0,call_556.mp3,Assault,1
557,Florida,1.0,1.0,1.0,0.0,call_557.mp3,Domestic,2
558,Wisconsin,1.0,1.0,1.0,0.0,call_558.mp3,Domestic,2
559,Ohio,1.0,1.0,1.0,0.0,call_559.mp3,Fire,2
560,New Jersey,1.0,0.0,0.0,1.0,call_560.mp3,Other,5
561,California,1.0,1.0,1.0,0.0,call_561.mp3,Other,5
562,Wisconsin,1.0,0.0,0.0,1.0,call_562.mp3,Animal,3
563,Georgia,1.0,3.0,1.0,0.0,call_563.mp3,Shooting,1
564,Maryland,1.0,4.0,1.0,0.0,call_564.mp3,Assault,1
565,New York,1.0,1.0,1.0,0.0,call_565.mp3,Assault,1
566,Texas,1.0,0.0,0.0,1.0,call_566.mp3,Other,5
567,Ohio,1.0,2.0,1.0,0.0,call_567.mp3,Assault,1
568,North Carolina,1.0,1.0,0.0,0.0,call_568.mp3,Assault,1
569,New York,1.0,15.0,1.0,0.0,call_569.mp3,Shooting,1
570,Montana,1.0,1.0,1.0,0.0,call_570.mp3,Assault,1
571,Illinois,1.0,0.0,1.0,0.0,call_571.mp3,Assault,1
572,Arizona,1.0,2.0,1.0,0.0,call_572.mp3,Shooting,1
573,Wisconsin,1.0,1.0,1.0,0.0,call_573.mp3,Shooting,1
574,Arizona,1.0,2.0,1.0,0.0,call_574.mp3,Assault,1
575,Florida,1.0,0.0,1.0,0.0,call_575.mp3,Medical,3
576,Florida,1.0,1.0,1.0,0.0,call_576.mp3,Assault,1
577,Utah,1.0,1.0,1.0,0.0,call_577.mp3,Medical,3
578,Nevada,1.0,1.0,1.0,0.0,call_578.mp3,Medical,3
579,Texas,1.0,0.0,0.0,1.0,call_579.mp3,Other,5
580,Florida,1.0,1.0,0.0,0.0,call_580.mp3,Animal,3
581,South Carolina,1.0,0.0,1.0,0.0,call_581.mp3,Medical,3
582,North Carolina,1.0,1.0,1.0,0.0,call_582.mp3,Accident,2
583,Tennessee,1.0,2.0,0.0,0.0,call_583.mp3,Assault,1
584,Kentucky,1.0,1.0,1.0,0.0,call_584.mp3,Assault,1
585,Florida,1.0,0.0,1.0,0.0,call_585.mp3,Animal,3
586,Iowa,1.0,1.0,1.0,0.0,call_586.mp3,Shooting,1
587,Wisconsin,1.0,1.0,1.0,0.0,call_587.mp3,Accident,2
588,Arizona,1.0,2.0,1.0,0.0,call_588.mp3,Burglary,2
589,North Carolina,1.0,1.0,1.0,0.0,call_589.mp3,Assault,1
590,Washington,1.0,7.0,1.0,0.0,call_590.mp3,Shooting,1
591,Texas,1.0,0.0,0.0,1.0,call_591.mp3,Other,5
592,Utah,1.0,1.0,1.0,0.0,call_592.mp3,Accident,2
593,North Carolina,1.0,0.0,0.0,0.0,call_593.mp3,Other,5
594,New Mexico,1.0,1.0,1.0,0.0,call_594.mp3,Assault,1
595,Massachusetts,1.0,0.0,0.0,1.0,call_595.mp3,Other,5
596,Texas,1.0,1.0,1.0,0.0,call_596.mp3,Domestic,2
597,Tennessee,1.0,0.0,1.0,0.0,call_597.mp3,Other,5
598,Wisconsin,1.0,1.0,1.0,0.0,call_598.mp3,Robbery,3
599,Florida,1.0,1.0,1.0,0.0,call_599.mp3,Assault,1
600,Oklahoma,1.0,1.0,1.0,0.0,call_600.mp3,Assault,1
601,North Carolina,1.0,1.0,1.0,0.0,call_601.mp3,Shooting,1
602,Michigan,1.0,0.0,1.0,0.0,call_602.mp3,Burglary,2
603,Ohio,1.0,2.0,1.0,0.0,call_603.mp3,Domestic,2
604,Tennessee,1.0,1.0,1.0,0.0,call_604.mp3,Shooting,1
605,Oregon,1.0,0.0,0.0,1.0,call_605.mp3,Other,5
606,Iowa,1.0,0.0,1.0,0.0,call_606.mp3,Accident,2
607,Ohio,1.0,1.0,1.0,0.0,call_607.mp3,Assault,1
608,Florida,1.0,0.0,1.0,0.0,call_608.mp3,Accident,2
609,Florida,0.0,1.0,1.0,0.0,call_609.mp3,Shooting,1
610,North Carolina,1.0,1.0,1.0,0.0,call_610.mp3,Shooting,1
611,Idaho,1.0,1.0,1.0,0.0,call_611.mp3,Accident,2
612,Florida,1.0,2.0,1.0,0.0,call_612.mp3,Assault,1
613,Georgia,1.0,8.0,1.0,0.0,call_613.mp3,Assault,1
614,Utah,1.0,6.0,1.0,0.0,call_614.mp3,Shooting,1
615,Ohio,1.0,1.0,1.0,0.0,call_615.mp3,Burglary,2
616,Utah,1.0,0.0,1.0,0.0,call_616.mp3,Missing,2
617,California,1.0,4.0,1.0,0.0,call_617.mp3,Accident,2
618,Kentucky,1.0,2.0,1.0,0.0,call_618.mp3,Assault,1
619,West Virginia,0.0,2.0,1.0,0.0,call_619.mp3,Accident,3
620,Wisconsin,1.0,1.0,1.0,0.0,call_620.mp3,Burglary,2
621,California,1.0,0.0,1.0,0.0,call_621.mp3,Domestic,2
622,Kentucky,1.0,0.0,1.0,0.0,call_622.mp3,Burglary,2
623,Ohio,1.0,1.0,1.0,0.0,call_623.mp3,Domestic,2
624,Florida,1.0,1.0,1.0,0.0,call_624.mp3,Medical,3
625,Idaho,1.0,0.0,0.0,1.0,call_625.mp3,Accident,3
626,Arizona,1.0,0.0,1.0,0.0,call_626.mp3,Shooting,1
627,Arizona,1.0,2.0,1.0,0.0,call_627.mp3,Medical,3
628,Texas,1.0,1.0,1.0,0.0,call_628.mp3,Burglary,2
629,Wisconsin,1.0,0.0,1.0,0.0,call_629.mp3,Burglary,2
630,North Carolina,1.0,1.0,1.0,0.0,,Burglary,2
631,Florida,1.0,0.0,1.0,0.0,call_631.mp3,Assault,1
632,Michigan,0.0,0.0,0.0,0.0,call_632.mp3,Accident,4
633,Ohio,1.0,1.0,1.0,0.0,call_633.mp3,Domestic,2
634,Minnesota,1.0,0.0,1.0,0.0,call_634.mp3,Accident,2
635,Utah,1.0,1.0,1.0,0.0,call_635.mp3,Assault,1
636,Wisconsin,1.0,0.0,1.0,0.0,,Other,5
637,Iowa,1.0,0.0,1.0,0.0,call_637.mp3,Robbery,3
638,Florida,1.0,0.0,0.0,1.0,call_638.mp3,Other,5
639,California,1.0,1.0,1.0,0.0,,Assault,1
640,Iowa,0.0,1.0,1.0,0.0,call_640.mp3,Assault,1
641,Florida,1.0,1.0,1.0,0.0,call_641.mp3,Shooting,1
642,New Jersey,1.0,1.0,1.0,0.0,call_642.mp3,Assault,1
643,Florida,1.0,0.0,1.0,0.0,call_643.mp3,Robbery,3
644,Connecticut,1.0,0.0,1.0,0.0,call_644.mp3,Assault,1
645,Florida,1.0,0.0,1.0,0.0,call_645.mp3,Assault,1
646,Florida,1.0,0.0,1.0,0.0,call_646.mp3,Assault,1
647,Ohio,0.0,1.0,1.0,0.0,call_647.mp3,Shooting,1
648,Maryland,1.0,0.0,1.0,0.0,call_648.mp3,Medical,3
649,North Carolina,1.0,1.0,1.0,0.0,call_649.mp3,Domestic,2
650,New Mexico,1.0,1.0,1.0,0.0,call_650.mp3,Domestic,2
651,Texas,1.0,1.0,1.0,0.0,call_651.mp3,Accident,2
652,Florida,1.0,3.0,1.0,0.0,call_652.mp3,Accident,2
653,Oklahoma,1.0,1.0,1.0,0.0,call_653.mp3,Burglary,2
654,Ohio,1.0,2.0,1.0,0.0,call_654.mp3,Assault,1
655,Arizona,1.0,0.0,1.0,0.0,call_655.mp3,Missing,2
656,Florida,1.0,1.0,1.0,0.0,call_656.mp3,Shooting,1
657,Canada,1.0,0.0,0.0,0.0,call_657.mp3,Animal,3
658,California,0.0,4.0,1.0,0.0,call_658.mp3,Shooting,1
659,California,1.0,1.0,1.0,0.0,call_659.mp3,Medical,3
660,Oklahoma,1.0,0.0,1.0,0.0,call_660.mp3,Assault,1
661,Michigan,1.0,0.0,0.0,1.0,call_661.mp3,Assault,1
662,Oklahoma,1.0,0.0,0.0,0.0,call_662.mp3,Other,5
663,North Carolina,1.0,0.0,0.0,0.0,call_663.mp3,Assault,1
664,Kentucky,1.0,1.0,1.0,0.0,call_664.mp3,Accident,2
665,Nevada,1.0,0.0,1.0,0.0,call_665.mp3,Medical,3
666,Utah,1.0,1.0,1.0,0.0,call_666.mp3,Assault,1
667,DC,1.0,0.0,1.0,0.0,call_667.mp3,Robbery,3
668,Florida,1.0,2.0,1.0,0.0,call_668.mp3,Assault,1
669,Indiana,1.0,1.0,1.0,0.0,call_669.mp3,Medical,3
670,Ohio,1.0,0.0,0.0,0.0,call_670.mp3,Burglary,3
671,Michigan,1.0,1.0,1.0,0.0,call_671.mp3,Assault,1
672,Arizona,1.0,1.0,1.0,0.0,call_672.mp3,Shooting,1
673,Michigan,1.0,1.0,1.0,0.0,call_673.mp3,Domestic,2
674,Florida,1.0,1.0,1.0,0.0,call_674.mp3,Accident,2
675,Illinois,1.0,2.0,1.0,0.0,call_675.mp3,Shooting,1
676,Iowa,1.0,0.0,0.0,0.0,call_676.mp3,Assault,1
677,Oklahoma,1.0,0.0,1.0,0.0,call_677.mp3,Assault,1
678,Florida,1.0,0.0,1.0,0.0,call_678.mp3,Domestic,2
679,Georgia,1.0,2.0,1.0,0.0,call_679.mp3,Domestic,2
680,Illinois,1.0,7.0,1.0,0.0,call_680.mp3,Fire,2
681,Florida,1.0,1.0,1.0,0.0,call_681.mp3,Assault,1
682,Florida,1.0,0.0,0.0,0.0,call_682.mp3,Burglary,3
683,Ohio,1.0,0.0,1.0,0.0,call_683.mp3,Shooting,1
684,Florida,1.0,0.0,1.0,0.0,call_684.mp3,Domestic,2
685,Louisiana,1.0,0.0,1.0,0.0,call_685.mp3,Burglary,2
686,Florida,1.0,1.0,1.0,0.0,call_686.mp3,Animal,3
687,Utah,1.0,1.0,1.0,0.0,call_687.mp3,Domestic,2
688,California,1.0,0.0,1.0,0.0,call_688.mp3,Burglary,2
689,Virginia,1.0,1.0,1.0,0.0,call_689.mp3,Fire,2
690,New Jersey,1.0,2.0,1.0,0.0,call_690.mp3,Assault,1
691,Florida,1.0,2.0,1.0,0.0,call_691.mp3,Shooting,1
692,Florida,1.0,1.0,1.0,0.0,call_692.mp3,Assault,1
693,Michigan,0.0,1.0,1.0,0.0,call_693.mp3,Shooting,1
694,Florida,1.0,1.0,1.0,0.0,call_694.mp3,Medical,3
695,Florida,1.0,0.0,1.0,0.0,call_695.mp3,Shooting,1
696,South Carolina,1.0,1.0,1.0,0.0,call_696.mp3,Shooting,1
697,Florida,1.0,0.0,1.0,0.0,call_697.mp3,Robbery,3
698,Arizona,1.0,2.0,1.0,0.0,call_698.mp3,Domestic,2
699,California,1.0,1.0,1.0,0.0,call_699.mp3,Robbery,3
700,Florida,1.0,0.0,1.0,0.0,call_700.mp3,Missing,2
702,Ohio,1.0,2.0,1.0,0.0,call_702.mp3,Shooting,1
703,Texas,1.0,2.0,1.0,0.0,call_703.mp3,Disaster,3
704,Missouri,1.0,1.0,1.0,0.0,call_704.mp3,Shooting,1
705,Georgia,1.0,0.0,1.0,0.0,call_705.mp3,Robbery,3
706,Florida,1.0,1.0,1.0,0.0,call_706.mp3,Accident,2
707,Florida,1.0,0.0,1.0,0.0,call_707.mp3,Animal,3
708,Florida,1.0,0.0,1.0,0.0,call_708.mp3,Medical,3
709,Ohio,1.0,0.0,1.0,0.0,call_709.mp3,Assault,1
710,Maryland,1.0,0.0,1.0,0.0,call_710.mp3,Assault,1
711,Arizona,1.0,2.0,1.0,0.0,call_711.mp3,Accident,2
712,North Carolina,1.0,0.0,1.0,0.0,call_712.mp3,Assault,1
713,Utah,1.0,0.0,1.0,0.0,call_713.mp3,Assault,1
714,Oregon,1.0,0.0,1.0,0.0,call_714.mp3,Burglary,2
715,Texas,1.0,1.0,1.0,0.0,call_715.mp3,Domestic,2
716,Florida,1.0,0.0,0.0,1.0,call_716.mp3,Other,5
717,Colorado,1.0,2.0,1.0,0.0,call_717.mp3,Domestic,2
718,Florida,1.0,0.0,1.0,0.0,call_718.mp3,Accident,2
719,Washington,1.0,3.0,1.0,0.0,call_719.mp3,Domestic,2
720,New Jersey,1.0,2.0,1.0,0.0,call_720.mp3,Assault,1
721,Ohio,1.0,0.0,1.0,0.0,,Accident,2
722,Florida,1.0,0.0,1.0,0.0,call_722.mp3,Medical,3
723,Florida,1.0,0.0,1.0,0.0,call_723.mp3,Domestic,2
724,Florida,1.0,0.0,1.0,0.0,call_724.mp3,Animal,3
725,Florida,1.0,1.0,1.0,0.0,call_725.mp3,Robbery,3
726,Arizona,1.0,1.0,1.0,0.0,call_726.mp3,Missing,2
727,Texas,1.0,2.0,1.0,0.0,call_727.mp3,Domestic,2
728,New Mexico,1.0,2.0,1.0,0.0,call_728.mp3,Shooting,1
729,California,1.0,0.0,1.0,0.0,call_729.mp3,Burglary,2
730,Connecticut,1.0,9.0,1.0,0.0,call_730.mp3,Shooting,1
731,Texas,1.0,1.0,1.0,0.0,call_731.mp3,Animal,3
732,Iowa,1.0,1.0,1.0,0.0,call_732.mp3,Accident,2
733,Texas,1.0,1.0,1.0,0.0,call_733.mp3,Accident,2
734,Ohio,1.0,1.0,1.0,0.0,call_734.mp3,Animal,3
735,Ohio,1.0,1.0,1.0,0.0,call_735.mp3,Assault,1
736,Florida,1.0,1.0,1.0,0.0,call_736.mp3,Medical,3
737,South Carolina,1.0,3.0,1.0,0.0,call_737.mp3,Fire,2
738,North Carolina,0.0,1.0,1.0,0.0,call_738.mp3,Shooting,1
739,California,1.0,0.0,0.0,1.0,call_739.mp3,Other,5
740,California,1.0,0.0,1.0,0.0,call_740.mp3,Assault,1
741,Georgia,1.0,2.0,1.0,0.0,call_741.mp3,Domestic,2
742,Arizona,1.0,6.0,1.0,0.0,call_742.mp3,Domestic,2
743,Colorado,1.0,0.0,1.0,0.0,call_743.mp3,Animal,3
17,Maryland,1.0,5.0,1.0,0.0,call_17_vehicles.wav,Fire,2
20,Maryland,1.0,0.0,1.0,0.0,call_20_vehicles.wav,Fire,2
78,California,1.0,7.0,1.0,0.0,call_78_vehicles.wav,Fire,2
86,Ohio,1.0,0.0,1.0,0.0,call_86_vehicles.wav,Fire,2
111,Maryland,1.0,1.0,1.0,0.0,call_111_vehicles.wav,Fire,2
122,Iowa,1.0,2.0,1.0,0.0,call_122_vehicles.wav,Fire,2
127,Utah,1.0,2.0,1.0,0.0,call_127_vehicles.wav,Fire,2
150,DC,0.0,0.0,1.0,0.0,call_150_vehicles.wav,Fire,3
235,Oklahoma,1.0,3.0,1.0,0.0,call_235_vehicles.wav,Fire,2
305,California,1.0,1.0,1.0,0.0,call_305_vehicles.wav,Fire,2
314,California,1.0,5.0,1.0,0.0,call_314_vehicles.wav,Fire,2
318,Arkansas,1.0,0.0,1.0,0.0,call_318_vehicles.wav,Fire,2
350,North Dakota,1.0,0.0,1.0,0.0,call_350_vehicles.wav,Fire,2
361,Michigan,1.0,0.0,1.0,0.0,call_361_vehicles.wav,Fire,2
390,Florida,1.0,1.0,1.0,0.0,call_390_vehicles.wav,Fire,2
425,New Jersey,1.0,4.0,1.0,0.0,call_425_vehicles.wav,Fire,2
430,California,1.0,0.0,1.0,0.0,call_430_vehicles.wav,Fire,2
437,New York,1.0,0.0,1.0,0.0,call_437_vehicles.wav,Fire,2
481,California,1.0,10.0,1.0,0.0,call_481_vehicles.wav,Fire,2
492,Utah,1.0,0.0,1.0,0.0,call_492_vehicles.wav,Fire,2
507,Pennsylvania,1.0,1.0,1.0,0.0,call_507_vehicles.wav,Fire,2
519,Massachusetts,1.0,1.0,1.0,0.0,call_519_vehicles.wav,Fire,2
531,Oklahoma,1.0,0.0,1.0,0.0,call_531_vehicles.wav,Fire,2
534,New York,1.0,0.0,1.0,0.0,call_534_vehicles.wav,Fire,2
559,Ohio,1.0,1.0,1.0,0.0,call_559_vehicles.wav,Fire,2
680,Illinois,1.0,7.0,1.0,0.0,call_680_vehicles.wav,Fire,2
689,Virginia,1.0,1.0,1.0,0.0,call_689_vehicles.wav,Fire,2
737,South Carolina,1.0,3.0,1.0,0.0,call_737_vehicles.wav,Fire,2
53,Ohio,1.0,1.0,1.0,0.0,call_53_vehicles.wav,Missing,2
56,North Carolina,1.0,1.0,1.0,0.0,call_56_vehicles.wav,Missing,2
68,Texas,1.0,0.0,1.0,0.0,call_68_vehicles.wav,Missing,2
74,California,1.0,0.0,1.0,0.0,call_74_vehicles.wav,Missing,2
89,North Carolina,1.0,1.0,1.0,0.0,call_89_vehicles.wav,Missing,2
97,Florida,1.0,0.0,0.0,0.0,call_97_vehicles.wav,Missing,3
139,Oklahoma,1.0,1.0,1.0,0.0,call_139_vehicles.wav,Missing,2
203,Connecticut,1.0,0.0,0.0,0.0,call_203_vehicles.wav,Missing,3
204,North Carolina,1.0,1.0,1.0,0.0,call_204_vehicles.wav,Missing,2
220,Ohio,1.0,0.0,1.0,0.0,call_220_vehicles.wav,Missing,2
271,Texas,1.0,2.0,1.0,0.0,call_271_vehicles.wav,Missing,2
333,Michigan,1.0,0.0,1.0,0.0,call_333_vehicles.wav,Missing,2
357,Illinois,1.0,0.0,1.0,0.0,call_357_vehicles.wav,Missing,2
359,Florida,1.0,1.0,1.0,0.0,call_359_vehicles.wav,Missing,2
365,Kentucky,1.0,1.0,1.0,0.0,call_365_vehicles.wav,Missing,2
371,North Carolina,1.0,0.0,0.0,1.0,call_371_vehicles.wav,Missing,3
385,Texas,1.0,2.0,1.0,0.0,call_385_vehicles.wav,Missing,2
387,North Carolina,1.0,1.0,1.0,0.0,call_387_vehicles.wav,Missing,2
388,Florida,1.0,1.0,1.0,0.0,call_388_vehicles.wav,Missing,2
400,Massachusetts,1.0,0.0,0.0,0.0,call_400_vehicles.wav,Missing,3
421,New Mexico,1.0,0.0,1.0,0.0,call_421_vehicles.wav,Missing,2
457,Utah,1.0,0.0,0.0,0.0,call_457_vehicles.wav,Missing,3
517,Texas,1.0,1.0,1.0,0.0,call_517_vehicles.wav,Missing,2
526,California,1.0,0.0,1.0,0.0,call_526_vehicles.wav,Missing,2
616,Utah,1.0,0.0,1.0,0.0,call_616_vehicles.wav,Missing,2
655,Arizona,1.0,0.0,1.0,0.0,call_655_vehicles.wav,Missing,2
700,Florida,1.0,0.0,1.0,0.0,call_700_vehicles.wav,Missing,2
726,Arizona,1.0,1.0,1.0,0.0,call_726_vehicles.wav,Missing,2
1,California,0.0,2.0,1.0,0.0,call_1_vehicles.wav,Robbery,3
101,Florida,1.0,0.0,1.0,0.0,call_101_vehicles.wav,Robbery,3
113,Maryland,1.0,0.0,1.0,0.0,call_113_vehicles.wav,Robbery,3
159,Florida,1.0,1.0,1.0,0.0,call_159_vehicles.wav,Robbery,3
201,Ohio,1.0,0.0,0.0,0.0,call_201_vehicles.wav,Robbery,3
212,Oregon,1.0,1.0,1.0,0.0,call_212_vehicles.wav,Robbery,3
349,Arizona,1.0,1.0,1.0,0.0,call_349_vehicles.wav,Robbery,3
355,Maryland,1.0,2.0,1.0,0.0,call_355_vehicles.wav,Robbery,3
378,Florida,1.0,0.0,1.0,0.0,call_378_vehicles.wav,Robbery,3
404,Texas,1.0,1.0,1.0,0.0,call_404_vehicles.wav,Robbery,3
447,North Carolina,1.0,0.0,1.0,0.0,call_447_vehicles.wav,Robbery,3
466,Florida,1.0,0.0,0.0,0.0,call_466_vehicles.wav,Robbery,3
479,Kentucky,1.0,1.0,1.0,0.0,call_479_vehicles.wav,Robbery,3
480,Florida,1.0,0.0,1.0,0.0,call_480_vehicles.wav,Robbery,3
508,Ohio,1.0,0.0,1.0,0.0,call_508_vehicles.wav,Robbery,3
598,Wisconsin,1.0,1.0,1.0,0.0,call_598_vehicles.wav,Robbery,3
637,Iowa,1.0,0.0,1.0,0.0,call_637_vehicles.wav,Robbery,3
643,Florida,1.0,0.0,1.0,0.0,call_643_vehicles.wav,Robbery,3
667,DC,1.0,0.0,1.0,0.0,call_667_vehicles.wav,Robbery,3
697,Florida,1.0,0.0,1.0,0.0,call_697_vehicles.wav,Robbery,3
699,California,1.0,1.0,1.0,0.0,call_699_vehicles.wav,Robbery,3
705,Georgia,1.0,0.0,1.0,0.0,call_705_vehicles.wav,Robbery,3
725,Florida,1.0,1.0,1.0,0.0,call_725_vehicles.wav,Robbery,3
83,Washington,1.0,0.0,1.0,0.0,call_83_vehicles.wav,Animal,3
115,Arizona,1.0,0.0,1.0,0.0,call_115_vehicles.wav,Animal,3
174,Florida,1.0,0.0,0.0,0.0,call_174_vehicles.wav,Animal,3
237,Arizona,1.0,4.0,1.0,0.0,call_237_vehicles.wav,Animal,2
257,Florida,1.0,0.0,1.0,0.0,call_257_vehicles.wav,Animal,3
336,Oregon,1.0,1.0,1.0,0.0,call_336_vehicles.wav,Animal,3
392,Alaska,1.0,0.0,0.0,0.0,call_392_vehicles.wav,Animal,3
401,Arizona,1.0,0.0,1.0,0.0,call_401_vehicles.wav,Animal,3
422,Oregon,1.0,0.0,0.0,0.0,call_422_vehicles.wav,Animal,3
471,Arizona,1.0,0.0,1.0,0.0,call_471_vehicles.wav,Animal,3
510,Connecticut,1.0,0.0,1.0,0.0,call_510_vehicles.wav,Animal,3
545,Arizona,1.0,0.0,1.0,0.0,call_545_vehicles.wav,Animal,3
562,Wisconsin,1.0,0.0,0.0,1.0,call_562_vehicles.wav,Animal,3
580,Florida,1.0,1.0,0.0,0.0,call_580_vehicles.wav,Animal,3
585,Florida,1.0,0.0,1.0,0.0,call_585_vehicles.wav,Animal,3
657,Canada,1.0,0.0,0.0,0.0,call_657_vehicles.wav,Animal,3
686,Florida,1.0,1.0,1.0,0.0,call_686_vehicles.wav,Animal,3
707,Florida,1.0,0.0,1.0,0.0,call_707_vehicles.wav,Animal,3
724,Florida,1.0,0.0,1.0,0.0,call_724_vehicles.wav,Animal,3
731,Texas,1.0,1.0,1.0,0.0,call_731_vehicles.wav,Animal,3
734,Ohio,1.0,1.0,1.0,0.0,call_734_vehicles.wav,Animal,3
743,Colorado,1.0,0.0,1.0,0.0,call_743_vehicles.wav,Animal,3
284,Colorado,1.0,1.0,1.0,0.0,call_284_3shiftedwarning.wav,Terror,3
284,Colorado,1.0,1.0,1.0,0.0,call_284_5shiftedwarning.wav,Terror,3
284,Colorado,1.0,1.0,1.0,0.0,call_284_7shiftedwarning.wav,Terror,3
284,Colorado,1.0,1.0,1.0,0.0,call_284_3shiftedvehicles.wav,Terror,3
284,Colorado,1.0,1.0,1.0,0.0,call_284_5shiftedvehicles.wav,Terror,3
284,Colorado,1.0,1.0,1.0,0.0,call_284_7shiftedvehicles.wav,Terror,3
284,Colorado,1.0,1.0,1.0,0.0,call_284_3shiftedalarm.wav,Terror,3
284,Colorado,1.0,1.0,1.0,0.0,call_284_5shiftedalarm.wav,Terror,3
284,Colorado,1.0,1.0,1.0,0.0,call_284_7shiftedalarm.wav,Terror,3
291,Ohio,1.0,0.0,1.0,0.0,call_291_3shiftedwarning.wav,Terror,3
291,Ohio,1.0,0.0,1.0,0.0,call_291_5shiftedwarning.wav,Terror,3
291,Ohio,1.0,0.0,1.0,0.0,call_291_7shiftedwarning.wav,Terror,3
291,Ohio,1.0,0.0,1.0,0.0,call_291_3shiftedvehicles.wav,Terror,3
291,Ohio,1.0,0.0,1.0,0.0,call_291_5shiftedvehicles.wav,Terror,3
291,Ohio,1.0,0.0,1.0,0.0,call_291_7shiftedvehicles.wav,Terror,3
291,Ohio,1.0,0.0,1.0,0.0,call_291_3shiftedalarm.wav,Terror,3
291,Ohio,1.0,0.0,1.0,0.0,call_291_5shiftedalarm.wav,Terror,3
291,Ohio,1.0,0.0,1.0,0.0,call_291_7shiftedalarm.wav,Terror,3
62,Florida,1.0,1.0,1.0,0.0,call_62_3shiftedwarning.wav,Disaster,3
62,Florida,1.0,1.0,1.0,0.0,call_62_5shiftedwarning.wav,Disaster,3
62,Florida,1.0,1.0,1.0,0.0,call_62_7shiftedwarning.wav,Disaster,3
62,Florida,1.0,1.0,1.0,0.0,call_62_3shiftedvehicles.wav,Disaster,3
62,Florida,1.0,1.0,1.0,0.0,call_62_5shiftedvehicles.wav,Disaster,3
62,Florida,1.0,1.0,1.0,0.0,call_62_7shiftedvehicles.wav,Disaster,3
62,Florida,1.0,1.0,1.0,0.0,call_62_3shiftedalarm.wav,Disaster,3
62,Florida,1.0,1.0,1.0,0.0,call_62_5shiftedalarm.wav,Disaster,3
62,Florida,1.0,1.0,1.0,0.0,call_62_7shiftedalarm.wav,Disaster,3
285,Massachusetts,0.0,3.0,1.0,0.0,call_285_3shiftedwarning.wav,Disaster,3
285,Massachusetts,0.0,3.0,1.0,0.0,call_285_5shiftedwarning.wav,Disaster,3
285,Massachusetts,0.0,3.0,1.0,0.0,call_285_7shiftedwarning.wav,Disaster,3
285,Massachusetts,0.0,3.0,1.0,0.0,call_285_3shiftedvehicles.wav,Disaster,3
285,Massachusetts,0.0,3.0,1.0,0.0,call_285_5shiftedvehicles.wav,Disaster,3
285,Massachusetts,0.0,3.0,1.0,0.0,call_285_7shiftedvehicles.wav,Disaster,3
285,Massachusetts,0.0,3.0,1.0,0.0,call_285_3shiftedalarm.wav,Disaster,3
285,Massachusetts,0.0,3.0,1.0,0.0,call_285_5shiftedalarm.wav,Disaster,3
285,Massachusetts,0.0,3.0,1.0,0.0,call_285_7shiftedalarm.wav,Disaster,3
324,Canada,1.0,47.0,1.0,0.0,call_324_3shiftedwarning.wav,Disaster,1
324,Canada,1.0,47.0,1.0,0.0,call_324_5shiftedwarning.wav,Disaster,1
324,Canada,1.0,47.0,1.0,0.0,call_324_7shiftedwarning.wav,Disaster,1
324,Canada,1.0,47.0,1.0,0.0,call_324_3shiftedvehicles.wav,Disaster,1
324,Canada,1.0,47.0,1.0,0.0,call_324_5shiftedvehicles.wav,Disaster,1
324,Canada,1.0,47.0,1.0,0.0,call_324_7shiftedvehicles.wav,Disaster,1
324,Canada,1.0,47.0,1.0,0.0,call_324_3shiftedalarm.wav,Disaster,1
324,Canada,1.0,47.0,1.0,0.0,call_324_5shiftedalarm.wav,Disaster,1
324,Canada,1.0,47.0,1.0,0.0,call_324_7shiftedalarm.wav,Disaster,1
552,Tennessee,1.0,2.0,1.0,0.0,call_552_3shiftedwarning.wav,Disaster,3
552,Tennessee,1.0,2.0,1.0,0.0,call_552_5shiftedwarning.wav,Disaster,3
552,Tennessee,1.0,2.0,1.0,0.0,call_552_7shiftedwarning.wav,Disaster,3
552,Tennessee,1.0,2.0,1.0,0.0,call_552_3shiftedvehicles.wav,Disaster,3
552,Tennessee,1.0,2.0,1.0,0.0,call_552_5shiftedvehicles.wav,Disaster,3
552,Tennessee,1.0,2.0,1.0,0.0,call_552_7shiftedvehicles.wav,Disaster,3
552,Tennessee,1.0,2.0,1.0,0.0,call_552_3shiftedalarm.wav,Disaster,3
552,Tennessee,1.0,2.0,1.0,0.0,call_552_5shiftedalarm.wav,Disaster,3
552,Tennessee,1.0,2.0,1.0,0.0,call_552_7shiftedalarm.wav,Disaster,3
703,Texas,1.0,2.0,1.0,0.0,call_703_3shiftedwarning.wav,Disaster,3
703,Texas,1.0,2.0,1.0,0.0,call_703_5shiftedwarning.wav,Disaster,3
703,Texas,1.0,2.0,1.0,0.0,call_703_7shiftedwarning.wav,Disaster,3
703,Texas,1.0,2.0,1.0,0.0,call_703_3shiftedvehicles.wav,Disaster,3
703,Texas,1.0,2.0,1.0,0.0,call_703_5shiftedvehicles.wav,Disaster,3
703,Texas,1.0,2.0,1.0,0.0,call_703_7shiftedvehicles.wav,Disaster,3
703,Texas,1.0,2.0,1.0,0.0,call_703_3shiftedalarm.wav,Disaster,3
703,Texas,1.0,2.0,1.0,0.0,call_703_5shiftedalarm.wav,Disaster,3
703,Texas,1.0,2.0,1.0,0.0,call_703_7shiftedalarm.wav,Disaster,3
