,id,state,civilian_initiated,deaths,potential_death,false_alarm,file_name,type,priority
0,1,California,0.0,2.0,1.0,0.0,call_1.mp3,Robbery,3
1,2,Michigan,1.0,1.0,1.0,0.0,call_2.mp3,Medical,3
2,3,,,,,,,Unknown,4
3,4,,,,,,,Unknown,4
4,5,,,,,,,Unknown,4
5,6,,,,,,,Other,5
6,7,,,,,,,Unknown,4
7,8,Florida,1.0,2.0,1.0,0.0,call_8.mp3,Shooting,1
8,9,Texas,1.0,0.0,0.0,1.0,call_9.mp3,Other,5
9,10,Nebraska,1.0,2.0,1.0,0.0,call_10.mp3,Accident,2
10,11,Oregon,1.0,0.0,0.0,1.0,call_11.mp3,Other,5
11,12,Texas,1.0,2.0,1.0,0.0,call_12.mp3,Domestic,2
12,13,Colorado,1.0,1.0,1.0,0.0,call_13.mp3,Assault,1
13,14,Colorado,1.0,13.0,1.0,0.0,,Shooting,1
14,15,Washington,1.0,2.0,1.0,0.0,call_15.mp3,Assault,1
15,16,South Carolina,1.0,1.0,1.0,0.0,call_16.mp3,Assault,1
16,17,Maryland,1.0,5.0,1.0,0.0,call_17.mp3,Fire,2
17,18,Texas,1.0,0.0,1.0,0.0,call_18.mp3,Medical,3
18,19,Colorado,1.0,0.0,1.0,0.0,call_19.mp3,Accident,2
19,20,Maryland,1.0,0.0,1.0,0.0,call_20.mp3,Fire,2
20,21,Michigan,1.0,0.0,0.0,0.0,call_21.mp3,Accident,3
21,22,,,,,,,Unknown,4
22,23,,,,,,,Unknown,4
23,24,Missouri,0.0,3.0,1.0,0.0,call_24.mp3,Shooting,1
24,25,Missouri,0.0,3.0,1.0,0.0,call_25.mp3,Unknown,3
25,26,California,1.0,0.0,1.0,0.0,,Fire,2
26,27,Wisconsin,1.0,0.0,0.0,1.0,call_27.mp3,Other,5
27,28,Michigan,1.0,0.0,0.0,1.0,call_28.mp3,Other,5
28,29,,,,,,,Unknown,4
29,30,Ohio,1.0,1.0,1.0,0.0,call_30.mp3,Medical,3
30,31,Idaho,1.0,2.0,1.0,0.0,call_31.mp3,Shooting,1
31,32,California,1.0,1.0,1.0,0.0,call_32.mp3,Medical,3
32,33,Michigan,1.0,0.0,1.0,0.0,call_33.mp3,Accident,2
33,34,DC,1.0,0.0,1.0,0.0,call_34.mp3,Accident,2
34,35,California,1.0,1.0,1.0,0.0,call_35.mp3,Medical,3
35,36,Wisconsin,1.0,6.0,1.0,0.0,call_36.mp3,Shooting,1
36,37,Connecticut,1.0,1.0,1.0,0.0,call_37.mp3,Assault,1
37,38,New Jersey,1.0,1.0,1.0,0.0,call_38.mp3,Shooting,1
38,39,Pennsylvania,1.0,0.0,0.0,0.0,call_39.mp3,Shooting,1
39,40,New Hampshire,1.0,0.0,1.0,0.0,call_40.mp3,Assault,1
40,41,,,,,,,Unknown,4
41,42,Colorado,1.0,0.0,1.0,0.0,call_42.mp3,Domestic,2
42,43,Florida,1.0,3.0,1.0,0.0,call_43.mp3,Other,5
43,44,Indiana,0.0,1.0,1.0,0.0,call_44.mp3,Domestic,3
44,45,,,,,,,Unknown,4
45,46,,1.0,0.0,0.0,1.0,call_46.mp3,Other,5
46,47,Florida,1.0,1.0,1.0,0.0,call_47.mp3,Medical,3
47,48,Wisconsin,1.0,0.0,0.0,1.0,call_48.mp3,Assault,1
48,49,Florida,1.0,0.0,1.0,0.0,call_49.mp3,Burglary,2
49,50,Texas,1.0,0.0,1.0,0.0,call_50.mp3,Unknown,3
50,51,Minnesota,1.0,13.0,1.0,0.0,,Disaster,2
51,52,Kentucky,1.0,2.0,1.0,0.0,call_52.mp3,Shooting,1
52,53,Ohio,1.0,1.0,1.0,0.0,call_53.mp3,Missing,2
53,54,,,,,,call_54.mp3,Accident,4
54,55,,,,,,call_55.mp3,Accident,4
55,56,North Carolina,1.0,1.0,1.0,0.0,call_56.mp3,Missing,2
56,57,Texas,1.0,2.0,1.0,0.0,call_57.mp3,Shooting,1
57,58,Tennessee,1.0,1.0,1.0,0.0,call_58.mp3,Medical,3
58,59,Nebraska,1.0,9.0,1.0,0.0,call_59.mp3,Shooting,1
59,60,Florida,1.0,0.0,1.0,0.0,call_60.mp3,Assault,1
60,61,Colorado,1.0,1.0,1.0,0.0,call_61.mp3,Shooting,1
61,62,Florida,1.0,1.0,1.0,0.0,call_62.mp3,Disaster,3
62,63,California,1.0,1.0,1.0,0.0,call_63.mp3,Medical,3
63,64,Texas,1.0,2.0,1.0,0.0,call_64.mp3,Other,5
64,65,Wisconsin,1.0,0.0,0.0,0.0,call_65.mp3,Shooting,1
65,66,California,1.0,5.0,1.0,0.0,call_66.mp3,Accident,2
66,67,Pennsylvania,1.0,0.0,1.0,0.0,call_67.mp3,Accident,2
67,68,Texas,1.0,0.0,1.0,0.0,call_68.mp3,Missing,2
68,69,California,1.0,1.0,1.0,0.0,call_69.mp3,Other,5
69,70,North Carolina,1.0,1.0,1.0,0.0,call_70.mp3,Assault,1
70,71,Florida,1.0,1.0,1.0,0.0,call_71.mp3,Accident,2
71,72,Connecticut,1.0,0.0,0.0,1.0,call_72.mp3,Medical,3
72,73,Arizona,1.0,0.0,0.0,1.0,call_73.mp3,Assault,1
73,74,California,1.0,0.0,1.0,0.0,call_74.mp3,Missing,2
74,75,Wisconsin,1.0,1.0,1.0,0.0,call_75.mp3,Medical,3
75,76,New York,1.0,1.0,1.0,0.0,call_76.mp3,Shooting,1
76,77,South Carolina,1.0,2.0,1.0,0.0,call_77.mp3,Accident,2
77,78,California,1.0,7.0,1.0,0.0,call_78.mp3,Fire,2
78,79,Connecticut,1.0,3.0,1.0,0.0,call_79.mp3,Assault,1
79,80,Arizona,1.0,0.0,1.0,0.0,call_80.mp3,Assault,1
80,81,Maryland,1.0,2.0,1.0,0.0,call_81.mp3,Shooting,1
81,82,Ohio,0.0,0.0,1.0,0.0,call_82.mp3,Shooting,1
82,83,Washington,1.0,0.0,1.0,0.0,call_83.mp3,Animal,3
83,84,Washington,0.0,4.0,1.0,0.0,call_84.mp3,Shooting,1
84,85,Florida,1.0,2.0,1.0,0.0,call_85.mp3,Shooting,1
85,86,Ohio,1.0,0.0,1.0,0.0,call_86.mp3,Fire,2
86,87,Texas,1.0,1.0,1.0,0.0,call_87.mp3,Shooting,1
87,88,Illinois,1.0,0.0,1.0,0.0,call_88.mp3,Accident,2
88,89,North Carolina,1.0,1.0,1.0,0.0,call_89.mp3,Missing,2
89,90,Louisiana,1.0,1.0,1.0,0.0,call_90.mp3,Shooting,1
90,91,Utah,1.0,2.0,1.0,0.0,call_91.mp3,Domestic,2
91,92,Iowa,1.0,0.0,1.0,0.0,call_92.mp3,Assault,1
92,93,Massachusetts,1.0,1.0,1.0,0.0,call_93.mp3,Medical,3
93,94,Washington,1.0,0.0,1.0,0.0,call_94.mp3,Assault,1
94,95,North Carolina,1.0,1.0,1.0,0.0,call_95.mp3,Shooting,1
95,96,North Carolina,1.0,0.0,1.0,0.0,call_96.mp3,Medical,3
96,97,Florida,1.0,0.0,0.0,0.0,call_97.mp3,Missing,3
97,98,California,1.0,0.0,1.0,0.0,call_98.mp3,Other,5
98,99,Florida,1.0,3.0,1.0,0.0,call_99.mp3,Shooting,1
99,100,Indiana,1.0,0.0,1.0,0.0,call_100.mp3,Accident,2
100,101,Florida,1.0,0.0,1.0,0.0,call_101.mp3,Robbery,3
101,102,Wisconsin,1.0,0.0,0.0,0.0,call_102.mp3,Assault,1
102,103,Florida,1.0,1.0,1.0,0.0,call_103.mp3,Shooting,1
103,104,Connecticut,1.0,1.0,1.0,0.0,call_104.mp3,Assault,1
104,105,Wisconsin,1.0,0.0,1.0,0.0,call_105.mp3,Accident,2
105,106,California,1.0,2.0,1.0,0.0,call_106.mp3,Shooting,1
106,107,Hawaii,1.0,0.0,1.0,0.0,call_107.mp3,Accident,2
107,108,Ohio,1.0,1.0,0.0,1.0,call_108.mp3,Assault,1
108,109,South Carolina,1.0,1.0,1.0,0.0,call_109.mp3,Shooting,1
109,110,Arizona,1.0,6.0,1.0,0.0,call_110.mp3,Shooting,1
110,111,Maryland,1.0,1.0,1.0,0.0,call_111.mp3,Fire,2
111,112,California,1.0,2.0,1.0,0.0,call_112.mp3,Shooting,1
112,113,Maryland,1.0,0.0,1.0,0.0,call_113.mp3,Robbery,3
113,114,Oregon,1.0,0.0,1.0,0.0,call_114.mp3,Medical,3
114,115,Arizona,1.0,0.0,1.0,0.0,call_115.mp3,Animal,3
115,116,Florida,1.0,0.0,0.0,0.0,call_116.mp3,Burglary,3
116,117,North Carolina,1.0,1.0,0.0,0.0,call_117.mp3,Assault,1
117,118,Indiana,1.0,0.0,1.0,0.0,call_118.mp3,Accident,2
118,119,Florida,1.0,0.0,1.0,0.0,call_119.mp3,Burglary,2
119,120,New York,0.0,0.0,1.0,0.0,call_120.mp3,Shooting,1
120,121,New Jersey,0.0,1.0,1.0,0.0,call_121.mp3,Shooting,1
121,122,Iowa,1.0,2.0,1.0,0.0,call_122.mp3,Fire,2
122,123,California,1.0,0.0,0.0,0.0,call_123.mp3,Other,5
123,124,Florida,1.0,1.0,1.0,0.0,call_124.mp3,Accident,2
124,125,South Carolina,1.0,4.0,1.0,0.0,call_125.mp3,Domestic,2
125,126,Massachusetts,1.0,0.0,1.0,0.0,call_126.mp3,Shooting,1
126,127,Utah,1.0,2.0,1.0,0.0,call_127.mp3,Fire,2
127,128,Washington,0.0,2.0,1.0,0.0,call_128.mp3,Shooting,1
128,129,Ohio,1.0,0.0,1.0,0.0,call_129.mp3,Medical,3
129,130,Georgia,1.0,1.0,1.0,0.0,call_130.mp3,Shooting,1
130,131,Virginia,1.0,0.0,1.0,0.0,call_131.mp3,Accident,2
131,132,Michigan,1.0,0.0,1.0,0.0,call_132.mp3,Burglary,2
132,133,North Carolina,1.0,2.0,1.0,0.0,call_133.mp3,Shooting,1
133,134,Ohio,1.0,3.0,1.0,0.0,call_134.mp3,Accident,2
134,135,Texas,1.0,1.0,0.0,0.0,call_135.mp3,Assault,1
135,136,Michigan,1.0,0.0,1.0,0.0,call_136.mp3,Burglary,2
136,137,Ohio,1.0,0.0,0.0,0.0,call_137.mp3,Accident,3
137,138,Florida,1.0,0.0,1.0,0.0,call_138.mp3,Medical,3
138,139,Oklahoma,1.0,1.0,1.0,0.0,call_139.mp3,Missing,2
139,140,Texas,1.0,2.0,1.0,0.0,call_140.mp3,Accident,2
140,141,Florida,1.0,1.0,1.0,0.0,call_141.mp3,Assault,1
141,142,Illinois,1.0,1.0,1.0,0.0,call_142.mp3,Shooting,1
142,143,North Carolina,0.0,1.0,1.0,0.0,call_143.mp3,Shooting,1
143,144,Oklahoma,1.0,1.0,1.0,0.0,call_144.mp3,Medical,3
144,145,Oklahoma,1.0,0.0,0.0,0.0,call_145.mp3,Burglary,3
145,146,Florida,1.0,0.0,1.0,0.0,call_146.mp3,Shooting,1
146,147,Oklahoma,1.0,0.0,1.0,0.0,call_147.mp3,Medical,3
147,148,Tennessee,1.0,0.0,0.0,0.0,call_148.mp3,Accident,3
148,149,New Jersey,0.0,1.0,1.0,0.0,call_149.mp3,Shooting,1
149,150,DC,0.0,0.0,1.0,0.0,call_150.mp3,Fire,3
150,151,Pennsylvania,0.0,0.0,1.0,0.0,call_151.mp3,Shooting,1
151,152,Colorado,1.0,0.0,1.0,0.0,call_152.mp3,Burglary,2
152,153,Georgia,1.0,1.0,1.0,0.0,call_153.mp3,Accident,2
153,154,California,1.0,0.0,1.0,0.0,call_154.mp3,Assault,1
154,155,Georgia,1.0,0.0,1.0,0.0,call_155.mp3,Assault,1
155,156,Illinois,1.0,1.0,1.0,0.0,call_156.mp3,Assault,1
156,157,Florida,1.0,0.0,1.0,0.0,call_157.mp3,Accident,2
157,158,Pennsylvania,1.0,2.0,1.0,0.0,call_158.mp3,Domestic,2
158,159,Florida,1.0,1.0,1.0,0.0,call_159.mp3,Robbery,3
159,160,Utah,1.0,0.0,1.0,0.0,call_160.mp3,Accident,2
160,161,Maryland,0.0,0.0,1.0,0.0,call_161.mp3,Accident,3
161,162,North Carolina,1.0,1.0,1.0,0.0,call_162.mp3,Medical,3
162,163,Kentucky,1.0,1.0,1.0,0.0,call_163.mp3,Medical,3
163,164,Florida,1.0,1.0,1.0,0.0,call_164.mp3,Shooting,1
164,165,New Jersey,1.0,0.0,1.0,0.0,call_165.mp3,Accident,2
165,166,California,0.0,1.0,1.0,0.0,call_166.mp3,Shooting,1
166,167,Ohio,1.0,8.0,1.0,0.0,call_167.mp3,Shooting,1
167,168,Ohio,1.0,1.0,1.0,0.0,call_168.mp3,Assault,1
168,169,Colorado,1.0,0.0,0.0,1.0,call_169.mp3,Other,5
169,170,Colorado,1.0,0.0,1.0,0.0,call_170.mp3,Accident,2
170,171,Nevada,1.0,5.0,1.0,0.0,call_171.mp3,Shooting,1
171,172,North Carolina,1.0,1.0,0.0,0.0,call_172.mp3,Accident,3
172,173,Canada,1.0,1.0,0.0,0.0,call_173.mp3,Assault,1
173,174,Florida,1.0,0.0,0.0,0.0,call_174.mp3,Animal,3
174,175,Washington,1.0,1.0,1.0,0.0,call_175.mp3,Burglary,2
175,176,California,1.0,8.0,1.0,0.0,call_176.mp3,Shooting,1
176,177,New York,1.0,2.0,1.0,0.0,call_177.mp3,Shooting,1
177,178,California,1.0,0.0,1.0,0.0,call_178.mp3,Accident,2
178,179,California,1.0,4.0,1.0,0.0,call_179.mp3,Shooting,1
179,180,New York,1.0,1.0,1.0,0.0,call_180.mp3,Assault,1
180,181,Idaho,1.0,1.0,1.0,0.0,call_181.mp3,Shooting,1
181,182,South Carolina,1.0,1.0,1.0,0.0,call_182.mp3,Shooting,1
182,183,Illinois,1.0,2.0,1.0,0.0,call_183.mp3,Assault,1
183,184,Florida,1.0,0.0,0.0,0.0,call_184.mp3,Other,5
184,185,Colorado,1.0,0.0,1.0,0.0,call_185.mp3,Burglary,2
185,186,Florida,1.0,0.0,1.0,0.0,call_186.mp3,Assault,1
186,187,Louisiana,1.0,2.0,1.0,0.0,call_187.mp3,Accident,2
187,188,Texas,1.0,5.0,1.0,0.0,call_188.mp3,Shooting,1
188,189,California,1.0,3.0,1.0,0.0,call_189.mp3,Shooting,1
189,190,Florida,1.0,0.0,1.0,0.0,call_190.mp3,Burglary,2
190,191,Florida,1.0,1.0,1.0,0.0,call_191.mp3,Assault,1
191,192,North Carolina,1.0,0.0,1.0,0.0,call_192.mp3,Shooting,1
192,193,Massachusetts,1.0,0.0,1.0,0.0,call_193.mp3,Accident,2
193,194,Texas,1.0,1.0,1.0,0.0,call_194.mp3,Shooting,1
194,195,Ohio,1.0,1.0,1.0,0.0,call_195.mp3,Accident,2
195,196,Wisconsin,1.0,1.0,1.0,0.0,call_196.mp3,Shooting,1
196,197,Michigan,1.0,1.0,1.0,0.0,call_197.mp3,Assault,1
197,198,California,1.0,0.0,1.0,0.0,call_198.mp3,Burglary,2
198,199,Michigan,1.0,1.0,0.0,0.0,call_199.mp3,Medical,3
199,200,Illinois,1.0,2.0,1.0,0.0,call_200.mp3,Assault,1
200,201,Ohio,1.0,0.0,0.0,0.0,call_201.mp3,Robbery,3
201,202,North Carolina,0.0,0.0,1.0,0.0,call_202.mp3,Shooting,1
202,203,Connecticut,1.0,0.0,0.0,0.0,call_203.mp3,Missing,3
203,204,North Carolina,1.0,1.0,1.0,0.0,call_204.mp3,Missing,2
204,205,Ohio,1.0,0.0,1.0,0.0,call_205.mp3,Assault,1
205,206,Florida,1.0,10.0,1.0,0.0,call_206.mp3,Accident,2
206,207,Utah,0.0,1.0,0.0,0.0,,Shooting,1
207,208,North Carolina,1.0,0.0,1.0,0.0,call_208.mp3,Other,5
208,209,Illinois,1.0,1.0,1.0,0.0,call_209.mp3,Assault,1
209,210,Florida,1.0,0.0,1.0,0.0,call_210.mp3,Burglary,2
210,211,Florida,1.0,0.0,0.0,1.0,call_211.mp3,Other,5
211,212,Oregon,1.0,1.0,1.0,0.0,call_212.mp3,Robbery,3
212,213,Utah,1.0,1.0,1.0,0.0,call_213.mp3,Shooting,1
213,214,Michigan,1.0,0.0,0.0,0.0,call_214.mp3,Burglary,3
214,215,Ohio,1.0,0.0,1.0,0.0,call_215.mp3,Medical,3
215,216,Florida,1.0,1.0,0.0,0.0,call_216.mp3,Domestic,3
216,217,Oklahoma,1.0,0.0,1.0,0.0,call_217.mp3,Assault,1
217,218,Oklahoma,1.0,1.0,1.0,0.0,call_218.mp3,Assault,1
218,219,Colorado,1.0,2.0,1.0,0.0,call_219.mp3,Accident,2
219,220,Ohio,1.0,0.0,1.0,0.0,call_220.mp3,Missing,2
220,221,Wisconsin,1.0,1.0,1.0,0.0,call_221.mp3,Accident,2
221,222,Iowa,1.0,0.0,1.0,0.0,call_222.mp3,Other,5
222,223,Utah,1.0,1.0,1.0,0.0,call_223.mp3,Shooting,1
223,224,Washington,1.0,0.0,1.0,0.0,call_224.mp3,Assault,1
224,225,Michigan,1.0,3.0,1.0,0.0,call_225.mp3,Domestic,2
225,226,Ohio,1.0,2.0,1.0,0.0,call_226.mp3,Shooting,1
226,227,Maryland,1.0,0.0,1.0,0.0,call_227.mp3,Other,5
227,228,Michigan,1.0,0.0,1.0,0.0,call_228.mp3,Other,5
228,229,North Carolina,1.0,0.0,1.0,0.0,call_229.mp3,Medical,3
229,230,Washington,1.0,1.0,1.0,0.0,call_230.mp3,Domestic,2
230,231,Illinois,1.0,1.0,1.0,0.0,call_231.mp3,Assault,1
231,232,Georgia,1.0,2.0,1.0,0.0,call_232.mp3,Shooting,1
232,233,Iowa,1.0,2.0,1.0,0.0,call_233.mp3,Shooting,1
233,234,Florida,1.0,1.0,1.0,0.0,call_234.mp3,Shooting,1
234,235,Oklahoma,1.0,3.0,1.0,0.0,call_235.mp3,Fire,2
235,236,Connecticut,1.0,1.0,1.0,0.0,call_236.mp3,Medical,3
236,237,Arizona,1.0,4.0,1.0,0.0,call_237.mp3,Animal,2
237,238,North Carolina,1.0,1.0,1.0,0.0,call_238.mp3,Shooting,1
238,239,Utah,1.0,0.0,0.0,0.0,call_239.mp3,Burglary,3
239,240,Florida,1.0,3.0,1.0,0.0,call_240.mp3,Shooting,1
240,241,Canada,1.0,0.0,0.0,0.0,call_241.mp3,Other,5
241,242,Florida,1.0,5.0,1.0,0.0,call_242.mp3,Domestic,2
242,243,Pennsylvania,1.0,1.0,1.0,0.0,call_243.mp3,Shooting,1
243,244,Florida,1.0,1.0,1.0,0.0,call_244.mp3,Assault,1
244,245,Washington,1.0,6.0,1.0,0.0,call_245.mp3,Shooting,1
245,246,Florida,1.0,1.0,1.0,0.0,call_246.mp3,Assault,1
246,247,Connecticut,1.0,0.0,0.0,1.0,call_247.mp3,Other,5
247,248,Wisconsin,1.0,0.0,1.0,0.0,call_248.mp3,Medical,3
248,249,Florida,1.0,0.0,1.0,0.0,call_249.mp3,Burglary,2
249,250,North Carolina,1.0,0.0,1.0,0.0,call_250.mp3,Burglary,2
250,251,Texas,1.0,0.0,0.0,1.0,call_251.mp3,Burglary,3
251,252,California,1.0,1.0,1.0,0.0,call_252.mp3,Medical,3
252,253,Florida,1.0,2.0,1.0,0.0,call_253.mp3,Domestic,2
253,254,North Carolina,1.0,0.0,1.0,0.0,call_254.mp3,Assault,1
254,255,Colorado,1.0,0.0,1.0,0.0,call_255.mp3,Shooting,1
255,256,Ohio,1.0,1.0,0.0,0.0,call_256.mp3,Assault,1
256,257,Florida,1.0,0.0,1.0,0.0,call_257.mp3,Animal,3
257,258,Ohio,1.0,0.0,0.0,0.0,call_258.mp3,Domestic,3
258,259,Colorado,0.0,12.0,1.0,0.0,call_259.mp3,Shooting,1
259,260,Wisconsin,1.0,6.0,1.0,0.0,call_260.mp3,Shooting,1
260,261,Illinois,1.0,0.0,0.0,0.0,call_261.mp3,Accident,3
261,262,Ohio,1.0,1.0,1.0,0.0,call_262.mp3,Shooting,1
262,263,Wisconsin,1.0,6.0,1.0,0.0,call_263.mp3,Domestic,2
263,264,New Jersey,1.0,2.0,1.0,0.0,call_264.mp3,Assault,1
264,265,Kentucky,1.0,1.0,1.0,0.0,call_265.mp3,Burglary,2
265,266,Washington,1.0,1.0,1.0,0.0,call_266.mp3,Shooting,1
266,267,New Jersey,1.0,3.0,1.0,0.0,call_267.mp3,Medical,3
267,268,Oregon,1.0,0.0,1.0,0.0,call_268.mp3,Shooting,1
268,269,Florida,1.0,0.0,1.0,0.0,call_269.mp3,Other,5
269,270,Virginia,1.0,0.0,1.0,0.0,call_270.mp3,Shooting,1
270,271,Texas,1.0,2.0,1.0,0.0,call_271.mp3,Missing,2
271,272,Ohio,1.0,1.0,0.0,0.0,call_272.mp3,Assault,1
272,273,Texas,1.0,0.0,0.0,0.0,,Accident,3
273,274,New York,1.0,0.0,1.0,0.0,call_274.mp3,Medical,3
274,275,California,1.0,1.0,1.0,0.0,call_275.mp3,Domestic,2
275,276,Washington,1.0,2.0,1.0,0.0,call_276.mp3,Medical,3
276,277,Texas,1.0,1.0,1.0,0.0,call_277.mp3,Accident,2
277,278,West Virginia,1.0,0.0,0.0,0.0,call_278.mp3,Assault,1
278,279,Utah,1.0,1.0,1.0,0.0,call_279.mp3,Medical,3
279,280,Michigan,1.0,0.0,1.0,0.0,call_280.mp3,Medical,3
280,281,California,1.0,1.0,1.0,0.0,call_281.mp3,Assault,1
281,282,Michigan,1.0,3.0,1.0,0.0,call_282.mp3,Burglary,2
282,283,Oklahoma,1.0,0.0,0.0,0.0,call_283.mp3,Other,5
283,284,Colorado,1.0,1.0,1.0,0.0,call_284.mp3,Terror,3
284,285,Massachusetts,0.0,3.0,1.0,0.0,call_285.mp3,Disaster,3
285,286,Texas,1.0,15.0,1.0,0.0,call_286.mp3,Shooting,1
286,287,Virginia,1.0,2.0,1.0,0.0,call_287.mp3,Shooting,1
287,288,California,0.0,1.0,1.0,0.0,call_288.mp3,Domestic,3
288,289,California,1.0,3.0,1.0,0.0,call_289.mp3,Medical,3
289,290,Ohio,1.0,0.0,1.0,0.0,call_290.mp3,Burglary,2
290,291,Ohio,1.0,0.0,1.0,0.0,call_291.mp3,Terror,3
291,292,Oregon,1.0,3.0,1.0,0.0,call_292.mp3,Assault,1
292,293,North Carolina,1.0,1.0,1.0,0.0,call_293.mp3,Shooting,1
293,294,Utah,1.0,1.0,1.0,0.0,call_294.mp3,Other,5
294,295,Virginia,1.0,1.0,1.0,0.0,call_295.mp3,Burglary,2
295,296,Wisconsin,1.0,0.0,1.0,0.0,call_296.mp3,Burglary,2
296,297,Florida,1.0,0.0,1.0,0.0,call_297.mp3,Medical,3
297,298,Illinois,1.0,1.0,1.0,0.0,call_298.mp3,Shooting,1
298,299,California,1.0,0.0,1.0,0.0,call_299.mp3,Burglary,2
299,300,Michigan,1.0,1.0,1.0,0.0,call_300.mp3,Shooting,1
300,301,Georgia,1.0,1.0,1.0,0.0,call_301.mp3,Assault,1
301,302,Utah,1.0,0.0,1.0,0.0,call_302.mp3,Shooting,1
302,303,Ohio,1.0,1.0,1.0,0.0,call_303.mp3,Assault,1
303,304,Oklahoma,1.0,1.0,1.0,0.0,call_304.mp3,Accident,2
304,305,California,1.0,1.0,1.0,0.0,call_305.mp3,Fire,2
305,306,Florida,0.0,0.0,1.0,0.0,,Shooting,1
306,307,Utah,1.0,0.0,1.0,0.0,call_307.mp3,Medical,3
307,308,California,1.0,2.0,1.0,0.0,call_308.mp3,Accident,2
308,309,Florida,1.0,0.0,1.0,0.0,call_309.mp3,Medical,3
309,310,Kansas,1.0,1.0,1.0,0.0,call_310.mp3,Accident,2
310,311,Utah,1.0,1.0,1.0,0.0,call_311.mp3,Shooting,1
311,312,Illinois,1.0,1.0,1.0,0.0,call_312.mp3,Accident,2
312,313,Florida,0.0,0.0,0.0,0.0,call_313.mp3,Accident,4
313,314,California,1.0,5.0,1.0,0.0,call_314.mp3,Fire,2
314,315,Georgia,1.0,0.0,1.0,0.0,call_315.mp3,Assault,1
315,316,Iowa,1.0,1.0,1.0,0.0,call_316.mp3,Shooting,1
316,317,Ohio,1.0,1.0,1.0,0.0,,Assault,1
317,318,Arkansas,1.0,0.0,1.0,0.0,call_318.mp3,Fire,2
318,319,Georgia,1.0,0.0,0.0,1.0,call_319.mp3,Other,5
319,320,Oregon,1.0,0.0,0.0,0.0,call_320.mp3,Assault,1
320,321,Washington,1.0,1.0,1.0,0.0,call_321.mp3,Assault,1
321,322,Nevada,1.0,2.0,1.0,0.0,call_322.mp3,Shooting,1
322,323,North Carolina,1.0,2.0,1.0,0.0,call_323.mp3,Other,5
323,324,Canada,1.0,47.0,1.0,0.0,call_324.mp3,Disaster,1
324,325,North Carolina,1.0,0.0,0.0,0.0,call_325.mp3,Shooting,1
325,326,Florida,1.0,0.0,1.0,0.0,call_326.mp3,Domestic,2
326,327,North Carolina,1.0,0.0,1.0,0.0,call_327.mp3,Shooting,1
327,328,Canada,1.0,0.0,1.0,0.0,call_328.mp3,Assault,1
328,329,Florida,1.0,0.0,1.0,0.0,call_329.mp3,Assault,1
329,330,California,0.0,1.0,1.0,0.0,call_330.mp3,Assault,1
330,331,Ohio,1.0,1.0,1.0,0.0,call_331.mp3,Assault,1
331,332,Michigan,1.0,1.0,1.0,0.0,call_332.mp3,Accident,2
332,333,Michigan,1.0,0.0,1.0,0.0,call_333.mp3,Missing,2
333,334,South Carolina,1.0,5.0,1.0,0.0,call_334.mp3,Shooting,1
334,335,North Carolina,1.0,1.0,1.0,0.0,call_335.mp3,Assault,1
335,336,Oregon,1.0,1.0,1.0,0.0,call_336.mp3,Animal,3
336,337,Arizona,1.0,1.0,1.0,0.0,call_337.mp3,Shooting,1
337,338,New Mexico,1.0,1.0,1.0,0.0,call_338.mp3,Shooting,1
338,339,Arizona,1.0,1.0,1.0,0.0,call_339.mp3,Shooting,1
339,340,Indiana,1.0,1.0,1.0,0.0,call_340.mp3,Assault,1
340,341,Connecticut,1.0,27.0,1.0,0.0,call_341.mp3,Shooting,1
341,342,Iowa,1.0,1.0,1.0,0.0,call_342.mp3,Shooting,1
342,343,Colorado,1.0,1.0,1.0,0.0,call_343.mp3,Shooting,1
343,344,Illinois,1.0,1.0,1.0,0.0,call_344.mp3,Shooting,1
344,345,Washington,1.0,1.0,1.0,0.0,call_345.mp3,Medical,3
345,346,Massachusetts,1.0,0.0,1.0,0.0,call_346.mp3,Medical,3
346,347,Nevada,1.0,2.0,1.0,0.0,call_347.mp3,Shooting,1
347,348,Arizona,1.0,1.0,1.0,0.0,call_348.mp3,Accident,2
348,349,Arizona,1.0,1.0,1.0,0.0,call_349.mp3,Robbery,3
349,350,North Dakota,1.0,0.0,1.0,0.0,call_350.mp3,Fire,2
350,351,Wisconsin,1.0,1.0,1.0,0.0,call_351.mp3,Medical,3
351,352,New Jersey,1.0,1.0,1.0,0.0,call_352.mp3,Shooting,1
352,353,South Carolina,1.0,0.0,1.0,0.0,call_353.mp3,Burglary,2
353,354,Florida,1.0,1.0,1.0,0.0,call_354.mp3,Shooting,1
354,355,Maryland,1.0,2.0,1.0,0.0,call_355.mp3,Robbery,3
355,356,North Carolina,1.0,1.0,1.0,0.0,call_356.mp3,Assault,1
356,357,Illinois,1.0,0.0,1.0,0.0,call_357.mp3,Missing,2
357,358,Wisconsin,1.0,0.0,1.0,0.0,call_358.mp3,Medical,3
358,359,Florida,1.0,1.0,1.0,0.0,call_359.mp3,Missing,2
359,360,Louisiana,1.0,4.0,1.0,0.0,call_360.mp3,Shooting,1
360,361,Michigan,1.0,0.0,1.0,0.0,call_361.mp3,Fire,2
361,362,Michigan,1.0,0.0,1.0,0.0,call_362.mp3,Shooting,1
362,363,Florida,0.0,1.0,1.0,0.0,call_363.mp3,Other,5
363,364,Florida,1.0,1.0,1.0,1.0,call_364.mp3,Shooting,1
364,365,Kentucky,1.0,1.0,1.0,0.0,call_365.mp3,Missing,2
365,366,North Carolina,1.0,1.0,1.0,0.0,call_366.mp3,Shooting,1
366,367,Tennessee,1.0,0.0,0.0,0.0,call_367.mp3,Domestic,3
367,368,,,,,,,Unknown,4
368,369,Texas,1.0,1.0,1.0,0.0,call_369.mp3,Other,5
369,370,Texas,1.0,1.0,1.0,0.0,call_370.mp3,Shooting,1
370,371,North Carolina,1.0,0.0,0.0,1.0,call_371.mp3,Missing,3
371,372,Florida,1.0,0.0,1.0,0.0,call_372.mp3,Medical,3
372,373,Missouri,1.0,0.0,1.0,0.0,call_373.mp3,Accident,2
373,374,Florida,1.0,1.0,1.0,0.0,call_374.mp3,Assault,1
374,375,Idaho,1.0,1.0,1.0,0.0,call_375.mp3,Accident,2
375,376,Massachusetts,1.0,0.0,1.0,0.0,call_376.mp3,Burglary,2
376,377,Florida,1.0,2.0,1.0,0.0,call_377.mp3,Domestic,2
377,378,Florida,1.0,0.0,1.0,0.0,call_378.mp3,Robbery,3
378,379,Michigan,1.0,2.0,1.0,0.0,call_379.mp3,Accident,2
379,380,Texas,1.0,0.0,1.0,0.0,call_380.mp3,Medical,3
380,381,North Carolina,1.0,2.0,1.0,0.0,call_381.mp3,Assault,1
381,382,,1.0,1.0,1.0,0.0,call_382.mp3,Assault,1
382,383,Indiana,1.0,0.0,1.0,0.0,call_383.mp3,Assault,1
383,384,Oklahoma,1.0,0.0,1.0,0.0,call_384.mp3,Medical,3
384,385,Texas,1.0,2.0,1.0,0.0,call_385.mp3,Missing,2
385,386,Arizona,0.0,6.0,1.0,0.0,,Accident,3
386,387,North Carolina,1.0,1.0,1.0,0.0,call_387.mp3,Missing,2
387,388,Florida,1.0,1.0,1.0,0.0,call_388.mp3,Missing,2
388,389,Florida,1.0,1.0,1.0,0.0,call_389.mp3,Medical,3
389,390,Florida,1.0,1.0,1.0,0.0,call_390.mp3,Fire,2
390,391,Ohio,1.0,1.0,1.0,0.0,call_391.mp3,Domestic,2
391,392,Alaska,1.0,0.0,0.0,0.0,call_392.mp3,Animal,3
392,393,Texas,1.0,0.0,1.0,0.0,call_393.mp3,Assault,1
393,394,Washington,1.0,0.0,1.0,0.0,call_394.mp3,Accident,2
394,395,Nevada,0.0,3.0,1.0,0.0,call_395.mp3,Accident,3
395,396,,,,,,,Other,5
396,397,Tennessee,1.0,0.0,0.0,1.0,call_397.mp3,Other,5
397,398,Washington,1.0,0.0,0.0,1.0,call_398.mp3,Other,5
398,399,Nevada,1.0,0.0,1.0,0.0,call_399.mp3,Assault,1
399,400,Massachusetts,1.0,0.0,0.0,0.0,call_400.mp3,Missing,3
400,401,Arizona,1.0,0.0,1.0,0.0,call_401.mp3,Animal,3
401,402,California,1.0,25.0,1.0,0.0,call_402.mp3,Accident,2
402,403,Tennessee,1.0,0.0,0.0,0.0,call_403.mp3,Accident,3
403,404,Texas,1.0,1.0,1.0,0.0,call_404.mp3,Robbery,3
404,405,Massachusetts,1.0,0.0,1.0,0.0,call_405.mp3,Medical,3
405,406,Missouri,1.0,0.0,1.0,0.0,call_406.mp3,Medical,3
406,407,Florida,1.0,1.0,1.0,0.0,call_407.mp3,Assault,1
407,408,California,1.0,1.0,1.0,0.0,call_408.mp3,Shooting,1
408,409,Indiana,1.0,0.0,1.0,0.0,call_409.mp3,Burglary,2
409,410,Michigan,1.0,1.0,1.0,0.0,,Assault,1
410,411,Texas,1.0,0.0,1.0,0.0,call_411.mp3,Accident,2
411,412,Ohio,1.0,0.0,0.0,0.0,call_412.mp3,Assault,1
412,413,North Carolina,1.0,1.0,1.0,0.0,call_413.mp3,Shooting,1
413,414,Virginia,1.0,0.0,0.0,1.0,call_414.mp3,Accident,3
414,415,Wisconsin,1.0,0.0,0.0,0.0,call_415.mp3,Other,5
415,416,Texas,1.0,0.0,1.0,0.0,call_416.mp3,Medical,3
416,417,Colorado,1.0,1.0,1.0,0.0,call_417.mp3,Assault,1
417,418,California,1.0,1.0,1.0,0.0,call_418.mp3,Assault,1
418,419,Washington,1.0,1.0,1.0,0.0,,Shooting,1
419,420,Utah,1.0,3.0,1.0,0.0,call_420.mp3,Domestic,2
420,421,New Mexico,1.0,0.0,1.0,0.0,call_421.mp3,Missing,2
421,422,Oregon,1.0,0.0,0.0,0.0,call_422.mp3,Animal,3
422,423,Florida,1.0,1.0,1.0,0.0,call_423.mp3,Medical,3
423,424,Kentucky,1.0,0.0,1.0,0.0,,Assault,1
424,425,New Jersey,1.0,4.0,1.0,0.0,call_425.mp3,Fire,2
425,426,South Carolina,1.0,3.0,1.0,0.0,call_426.mp3,Shooting,1
426,427,California,1.0,1.0,1.0,0.0,call_427.mp3,Accident,2
427,428,Oregon,1.0,1.0,1.0,0.0,call_428.mp3,Shooting,1
428,429,Ohio,1.0,1.0,1.0,0.0,call_429.mp3,Medical,3
429,430,California,1.0,0.0,1.0,0.0,call_430.mp3,Fire,2
430,431,North Carolina,1.0,1.0,1.0,0.0,,Shooting,1
431,432,California,1.0,10.0,1.0,0.0,,Accident,2
432,433,North Carolina,1.0,2.0,1.0,0.0,call_433.mp3,Assault,1
433,434,Georgia,1.0,1.0,1.0,0.0,call_434.mp3,Shooting,1
434,435,New York,1.0,2.0,1.0,0.0,call_435.mp3,Assault,1
435,436,Florida,1.0,0.0,1.0,0.0,call_436.mp3,Medical,3
436,437,New York,1.0,0.0,1.0,0.0,call_437.mp3,Fire,2
437,438,Massachusetts,1.0,7.0,1.0,0.0,call_438.mp3,Accident,2
438,439,Florida,1.0,0.0,1.0,0.0,call_439.mp3,Burglary,2
439,440,North Carolina,1.0,0.0,1.0,0.0,call_440.mp3,Medical,3
440,441,Oregon,1.0,2.0,1.0,0.0,call_441.mp3,Shooting,1
441,442,Washington,1.0,1.0,1.0,0.0,call_442.mp3,Shooting,1
442,443,Florida,1.0,1.0,1.0,0.0,call_443.mp3,Accident,2
443,444,Florida,1.0,2.0,1.0,0.0,call_444.mp3,Accident,2
444,445,California,1.0,0.0,1.0,0.0,call_445.mp3,Burglary,2
445,446,Florida,1.0,1.0,1.0,0.0,call_446.mp3,Shooting,1
446,447,North Carolina,1.0,0.0,1.0,0.0,call_447.mp3,Robbery,3
447,448,Washington,1.0,1.0,1.0,0.0,,Shooting,1
448,449,Maine,1.0,1.0,1.0,0.0,,Domestic,2
449,450,Nevada,1.0,1.0,1.0,0.0,call_450.mp3,Accident,2
450,451,South Carolina,1.0,1.0,1.0,0.0,call_451.mp3,Medical,3
451,452,Michigan,1.0,1.0,1.0,0.0,call_452.mp3,Shooting,1
452,453,North Carolina,1.0,1.0,1.0,0.0,call_453.mp3,Shooting,1
453,454,Colorado,1.0,0.0,1.0,0.0,call_454.mp3,Assault,1
454,455,Arizona,1.0,0.0,1.0,0.0,call_455.mp3,Assault,1
455,456,New Mexico,1.0,1.0,1.0,0.0,call_456.mp3,Shooting,1
456,457,Utah,1.0,0.0,0.0,0.0,call_457.mp3,Missing,3
457,458,Florida,1.0,1.0,0.0,0.0,call_458.mp3,Domestic,3
458,459,Utah,1.0,0.0,1.0,0.0,call_459.mp3,Shooting,1
459,460,California,1.0,1.0,1.0,0.0,call_460.mp3,Domestic,2
460,461,Washington,0.0,2.0,1.0,0.0,call_461.mp3,Shooting,1
461,462,Oklahoma,1.0,1.0,1.0,0.0,call_462.mp3,Shooting,1
462,463,Florida,0.0,1.0,1.0,0.0,call_463.mp3,Shooting,1
463,464,Ohio,1.0,0.0,1.0,0.0,call_464.mp3,Shooting,1
464,465,North Carolina,1.0,1.0,1.0,0.0,call_465.mp3,Domestic,2
465,466,Florida,1.0,0.0,0.0,0.0,call_466.mp3,Robbery,3
466,467,Georgia,1.0,1.0,1.0,0.0,call_467.mp3,Accident,2
467,468,Arizona,1.0,1.0,1.0,0.0,call_468.mp3,Assault,1
468,469,California,1.0,0.0,1.0,0.0,call_469.mp3,Medical,3
469,470,Connecticut,1.0,0.0,1.0,0.0,call_470.mp3,Assault,1
470,471,Arizona,1.0,0.0,1.0,0.0,call_471.mp3,Animal,3
471,472,California,1.0,1.0,1.0,0.0,call_472.mp3,Assault,1
472,473,North Carolina,1.0,1.0,1.0,0.0,call_473.mp3,Shooting,1
473,474,New Jersey,1.0,1.0,1.0,0.0,call_474.mp3,Assault,1
474,475,North Carolina,1.0,0.0,0.0,0.0,call_475.mp3,Domestic,3
475,476,North Carolina,1.0,1.0,1.0,0.0,call_476.mp3,Burglary,2
476,477,Florida,1.0,0.0,0.0,0.0,call_477.mp3,Assault,1
477,478,Florida,1.0,1.0,1.0,0.0,call_478.mp3,Assault,1
478,479,Kentucky,1.0,1.0,1.0,0.0,call_479.mp3,Robbery,3
479,480,Florida,1.0,0.0,1.0,0.0,call_480.mp3,Robbery,3
480,481,California,1.0,10.0,1.0,0.0,call_481.mp3,Fire,2
481,482,North Carolina,1.0,1.0,1.0,0.0,call_482.mp3,Accident,2
482,483,Kansas,1.0,0.0,1.0,0.0,call_483.mp3,Accident,2
483,484,Florida,1.0,1.0,1.0,0.0,call_484.mp3,Domestic,2
484,485,Indiana,1.0,0.0,1.0,0.0,call_485.mp3,Accident,2
485,486,North Carolina,1.0,0.0,1.0,0.0,call_486.mp3,Assault,1
486,487,Florida,1.0,1.0,1.0,0.0,call_487.mp3,Accident,2
487,488,Ohio,1.0,1.0,1.0,0.0,call_488.mp3,Medical,3
488,489,Indiana,1.0,0.0,1.0,0.0,call_489.mp3,Burglary,2
489,490,Florida,1.0,0.0,1.0,0.0,call_490.mp3,Accident,2
490,491,California,1.0,0.0,1.0,0.0,call_491.mp3,Medical,3
491,492,Utah,1.0,0.0,1.0,0.0,call_492.mp3,Fire,2
492,493,Wisconsin,1.0,1.0,1.0,0.0,call_493.mp3,Domestic,2
493,494,New York,1.0,0.0,1.0,0.0,call_494.mp3,Accident,2
494,495,North Dakota,1.0,1.0,1.0,0.0,,Accident,2
495,496,Florida,1.0,0.0,0.0,1.0,call_496.mp3,Other,5
496,497,Tennessee,1.0,1.0,1.0,0.0,call_497.mp3,Assault,1
497,498,Florida,1.0,1.0,1.0,0.0,call_498.mp3,Medical,3
498,499,Utah,1.0,0.0,1.0,0.0,call_499.mp3,Accident,2
499,500,North Carolina,0.0,0.0,1.0,0.0,,Assault,1
500,501,California,1.0,0.0,1.0,0.0,call_501.mp3,Medical,3
501,502,Florida,1.0,0.0,0.0,1.0,call_502.mp3,Other,5
502,503,Texas,1.0,0.0,1.0,0.0,call_503.mp3,Assault,1
503,504,Virginia,1.0,1.0,1.0,0.0,,Accident,2
504,505,Maryland,1.0,0.0,0.0,0.0,call_505.mp3,Other,5
505,506,Florida,1.0,1.0,1.0,0.0,call_506.mp3,Missing,2
506,507,Pennsylvania,1.0,1.0,1.0,0.0,call_507.mp3,Fire,2
507,508,Ohio,1.0,0.0,1.0,0.0,call_508.mp3,Robbery,3
508,509,Wisconsin,,,,,,Other,5
509,510,Connecticut,1.0,0.0,1.0,0.0,call_510.mp3,Animal,3
510,511,New York,0.0,0.0,1.0,0.0,,Accident,3
511,512,Alaska,0.0,1.0,1.0,0.0,call_512.mp3,Accident,3
512,513,Wisconsin,1.0,3.0,1.0,0.0,call_513.mp3,Accident,2
513,514,Wisconsin,1.0,7.0,1.0,0.0,call_514.mp3,Shooting,1
514,515,Colorado,1.0,2.0,1.0,0.0,call_515.mp3,Domestic,2
515,516,Oklahoma,1.0,3.0,1.0,0.0,call_516.mp3,Assault,1
516,517,Texas,1.0,1.0,1.0,0.0,call_517.mp3,Missing,2
517,518,Indiana,0.0,0.0,1.0,0.0,call_518.mp3,Shooting,1
518,519,Massachusetts,1.0,1.0,1.0,0.0,call_519.mp3,Fire,2
519,520,Texas,1.0,1.0,1.0,0.0,call_520.mp3,Accident,2
520,521,Florida,1.0,1.0,1.0,0.0,call_521.mp3,Assault,1
521,522,North Carolina,0.0,1.0,1.0,0.0,call_522.mp3,Accident,3
522,523,Michigan,1.0,2.0,1.0,0.0,call_523.mp3,Assault,1
523,524,Florida,1.0,0.0,0.0,1.0,call_524.mp3,Other,5
524,525,Texas,1.0,0.0,1.0,0.0,call_525.mp3,Assault,1
525,526,California,1.0,0.0,1.0,0.0,call_526.mp3,Missing,2
526,527,South Carolina,1.0,5.0,1.0,0.0,call_527.mp3,Domestic,2
527,528,South Carolina,1.0,1.0,1.0,0.0,call_528.mp3,Assault,1
528,529,Tennessee,1.0,0.0,1.0,0.0,call_529.mp3,Burglary,2
529,530,Florida,1.0,2.0,1.0,0.0,call_530.mp3,Assault,1
530,531,Oklahoma,1.0,0.0,1.0,0.0,call_531.mp3,Fire,2
531,532,New Jersey,1.0,0.0,1.0,0.0,call_532.mp3,Assault,1
532,533,Maryland,1.0,0.0,1.0,0.0,call_533.mp3,Accident,2
533,534,New York,1.0,0.0,1.0,0.0,call_534.mp3,Fire,2
534,535,Connecticut,1.0,0.0,0.0,0.0,call_535.mp3,Assault,1
535,536,Florida,1.0,2.0,1.0,0.0,call_536.mp3,Domestic,2
536,537,Florida,1.0,0.0,1.0,0.0,call_537.mp3,Medical,3
537,538,Florida,1.0,3.0,1.0,0.0,call_538.mp3,Shooting,1
538,539,New York,1.0,15.0,1.0,0.0,call_539.mp3,Shooting,1
539,540,Texas,1.0,0.0,0.0,1.0,call_540.mp3,Other,5
540,541,California,1.0,6.0,1.0,0.0,call_541.mp3,Domestic,2
541,542,Florida,1.0,0.0,0.0,0.0,call_542.mp3,Burglary,3
542,543,Florida,1.0,0.0,1.0,0.0,call_543.mp3,Medical,3
543,544,Virginia,1.0,1.0,1.0,0.0,call_544.mp3,Assault,1
544,545,Arizona,1.0,0.0,1.0,0.0,call_545.mp3,Animal,3
545,546,Michigan,1.0,0.0,1.0,0.0,call_546.mp3,Medical,3
546,547,Ohio,1.0,0.0,1.0,0.0,call_547.mp3,Accident,2
547,548,California,1.0,0.0,0.0,1.0,call_548.mp3,Other,5
548,549,California,1.0,1.0,1.0,0.0,call_549.mp3,Assault,1
549,550,Wisconsin,1.0,1.0,1.0,0.0,call_550.mp3,Shooting,1
550,551,Illinois,1.0,3.0,1.0,0.0,call_551.mp3,Assault,1
551,552,Tennessee,1.0,2.0,1.0,0.0,call_552.mp3,Disaster,3
552,553,Idaho,1.0,0.0,1.0,0.0,call_553.mp3,Medical,3
553,554,New York,1.0,1.0,1.0,0.0,call_554.mp3,Assault,1
554,555,Iowa,1.0,1.0,1.0,0.0,call_555.mp3,Shooting,1
555,556,New York,1.0,1.0,1.0,0.0,call_556.mp3,Assault,1
556,557,Florida,1.0,1.0,1.0,0.0,call_557.mp3,Domestic,2
557,558,Wisconsin,1.0,1.0,1.0,0.0,call_558.mp3,Domestic,2
558,559,Ohio,1.0,1.0,1.0,0.0,call_559.mp3,Fire,2
559,560,New Jersey,1.0,0.0,0.0,1.0,call_560.mp3,Other,5
560,561,California,1.0,1.0,1.0,0.0,call_561.mp3,Other,5
561,562,Wisconsin,1.0,0.0,0.0,1.0,call_562.mp3,Animal,3
562,563,Georgia,1.0,3.0,1.0,0.0,call_563.mp3,Shooting,1
563,564,Maryland,1.0,4.0,1.0,0.0,call_564.mp3,Assault,1
564,565,New York,1.0,1.0,1.0,0.0,call_565.mp3,Assault,1
565,566,Texas,1.0,0.0,0.0,1.0,call_566.mp3,Other,5
566,567,Ohio,1.0,2.0,1.0,0.0,call_567.mp3,Assault,1
567,568,North Carolina,1.0,1.0,0.0,0.0,call_568.mp3,Assault,1
568,569,New York,1.0,15.0,1.0,0.0,call_569.mp3,Shooting,1
569,570,Montana,1.0,1.0,1.0,0.0,call_570.mp3,Assault,1
570,571,Illinois,1.0,0.0,1.0,0.0,call_571.mp3,Assault,1
571,572,Arizona,1.0,2.0,1.0,0.0,call_572.mp3,Shooting,1
572,573,Wisconsin,1.0,1.0,1.0,0.0,call_573.mp3,Shooting,1
573,574,Arizona,1.0,2.0,1.0,0.0,call_574.mp3,Assault,1
574,575,Florida,1.0,0.0,1.0,0.0,call_575.mp3,Medical,3
575,576,Florida,1.0,1.0,1.0,0.0,call_576.mp3,Assault,1
576,577,Utah,1.0,1.0,1.0,0.0,call_577.mp3,Medical,3
577,578,Nevada,1.0,1.0,1.0,0.0,call_578.mp3,Medical,3
578,579,Texas,1.0,0.0,0.0,1.0,call_579.mp3,Other,5
579,580,Florida,1.0,1.0,0.0,0.0,call_580.mp3,Animal,3
580,581,South Carolina,1.0,0.0,1.0,0.0,call_581.mp3,Medical,3
581,582,North Carolina,1.0,1.0,1.0,0.0,call_582.mp3,Accident,2
582,583,Tennessee,1.0,2.0,0.0,0.0,call_583.mp3,Assault,1
583,584,Kentucky,1.0,1.0,1.0,0.0,call_584.mp3,Assault,1
584,585,Florida,1.0,0.0,1.0,0.0,call_585.mp3,Animal,3
585,586,Iowa,1.0,1.0,1.0,0.0,call_586.mp3,Shooting,1
586,587,Wisconsin,1.0,1.0,1.0,0.0,call_587.mp3,Accident,2
587,588,Arizona,1.0,2.0,1.0,0.0,call_588.mp3,Burglary,2
588,589,North Carolina,1.0,1.0,1.0,0.0,call_589.mp3,Assault,1
589,590,Washington,1.0,7.0,1.0,0.0,call_590.mp3,Shooting,1
590,591,Texas,1.0,0.0,0.0,1.0,call_591.mp3,Other,5
591,592,Utah,1.0,1.0,1.0,0.0,call_592.mp3,Accident,2
592,593,North Carolina,1.0,0.0,0.0,0.0,call_593.mp3,Other,5
593,594,New Mexico,1.0,1.0,1.0,0.0,call_594.mp3,Assault,1
594,595,Massachusetts,1.0,0.0,0.0,1.0,call_595.mp3,Other,5
595,596,Texas,1.0,1.0,1.0,0.0,call_596.mp3,Domestic,2
596,597,Tennessee,1.0,0.0,1.0,0.0,call_597.mp3,Other,5
597,598,Wisconsin,1.0,1.0,1.0,0.0,call_598.mp3,Robbery,3
598,599,Florida,1.0,1.0,1.0,0.0,call_599.mp3,Assault,1
599,600,Oklahoma,1.0,1.0,1.0,0.0,call_600.mp3,Assault,1
600,601,North Carolina,1.0,1.0,1.0,0.0,call_601.mp3,Shooting,1
601,602,Michigan,1.0,0.0,1.0,0.0,call_602.mp3,Burglary,2
602,603,Ohio,1.0,2.0,1.0,0.0,call_603.mp3,Domestic,2
603,604,Tennessee,1.0,1.0,1.0,0.0,call_604.mp3,Shooting,1
604,605,Oregon,1.0,0.0,0.0,1.0,call_605.mp3,Other,5
605,606,Iowa,1.0,0.0,1.0,0.0,call_606.mp3,Accident,2
606,607,Ohio,1.0,1.0,1.0,0.0,call_607.mp3,Assault,1
607,608,Florida,1.0,0.0,1.0,0.0,call_608.mp3,Accident,2
608,609,Florida,0.0,1.0,1.0,0.0,call_609.mp3,Shooting,1
609,610,North Carolina,1.0,1.0,1.0,0.0,call_610.mp3,Shooting,1
610,611,Idaho,1.0,1.0,1.0,0.0,call_611.mp3,Accident,2
611,612,Florida,1.0,2.0,1.0,0.0,call_612.mp3,Assault,1
612,613,Georgia,1.0,8.0,1.0,0.0,call_613.mp3,Assault,1
613,614,Utah,1.0,6.0,1.0,0.0,call_614.mp3,Shooting,1
614,615,Ohio,1.0,1.0,1.0,0.0,call_615.mp3,Burglary,2
615,616,Utah,1.0,0.0,1.0,0.0,call_616.mp3,Missing,2
616,617,California,1.0,4.0,1.0,0.0,call_617.mp3,Accident,2
617,618,Kentucky,1.0,2.0,1.0,0.0,call_618.mp3,Assault,1
618,619,West Virginia,0.0,2.0,1.0,0.0,call_619.mp3,Accident,3
619,620,Wisconsin,1.0,1.0,1.0,0.0,call_620.mp3,Burglary,2
620,621,California,1.0,0.0,1.0,0.0,call_621.mp3,Domestic,2
621,622,Kentucky,1.0,0.0,1.0,0.0,call_622.mp3,Burglary,2
622,623,Ohio,1.0,1.0,1.0,0.0,call_623.mp3,Domestic,2
623,624,Florida,1.0,1.0,1.0,0.0,call_624.mp3,Medical,3
624,625,Idaho,1.0,0.0,0.0,1.0,call_625.mp3,Accident,3
625,626,Arizona,1.0,0.0,1.0,0.0,call_626.mp3,Shooting,1
626,627,Arizona,1.0,2.0,1.0,0.0,call_627.mp3,Medical,3
627,628,Texas,1.0,1.0,1.0,0.0,call_628.mp3,Burglary,2
628,629,Wisconsin,1.0,0.0,1.0,0.0,call_629.mp3,Burglary,2
629,630,North Carolina,1.0,1.0,1.0,0.0,,Burglary,2
630,631,Florida,1.0,0.0,1.0,0.0,call_631.mp3,Assault,1
631,632,Michigan,0.0,0.0,0.0,0.0,call_632.mp3,Accident,4
632,633,Ohio,1.0,1.0,1.0,0.0,call_633.mp3,Domestic,2
633,634,Minnesota,1.0,0.0,1.0,0.0,call_634.mp3,Accident,2
634,635,Utah,1.0,1.0,1.0,0.0,call_635.mp3,Assault,1
635,636,Wisconsin,1.0,0.0,1.0,0.0,,Other,5
636,637,Iowa,1.0,0.0,1.0,0.0,call_637.mp3,Robbery,3
637,638,Florida,1.0,0.0,0.0,1.0,call_638.mp3,Other,5
638,639,California,1.0,1.0,1.0,0.0,,Assault,1
639,640,Iowa,0.0,1.0,1.0,0.0,call_640.mp3,Assault,1
640,641,Florida,1.0,1.0,1.0,0.0,call_641.mp3,Shooting,1
641,642,New Jersey,1.0,1.0,1.0,0.0,call_642.mp3,Assault,1
642,643,Florida,1.0,0.0,1.0,0.0,call_643.mp3,Robbery,3
643,644,Connecticut,1.0,0.0,1.0,0.0,call_644.mp3,Assault,1
644,645,Florida,1.0,0.0,1.0,0.0,call_645.mp3,Assault,1
645,646,Florida,1.0,0.0,1.0,0.0,call_646.mp3,Assault,1
646,647,Ohio,0.0,1.0,1.0,0.0,call_647.mp3,Shooting,1
647,648,Maryland,1.0,0.0,1.0,0.0,call_648.mp3,Medical,3
648,649,North Carolina,1.0,1.0,1.0,0.0,call_649.mp3,Domestic,2
649,650,New Mexico,1.0,1.0,1.0,0.0,call_650.mp3,Domestic,2
650,651,Texas,1.0,1.0,1.0,0.0,call_651.mp3,Accident,2
651,652,Florida,1.0,3.0,1.0,0.0,call_652.mp3,Accident,2
652,653,Oklahoma,1.0,1.0,1.0,0.0,call_653.mp3,Burglary,2
653,654,Ohio,1.0,2.0,1.0,0.0,call_654.mp3,Assault,1
654,655,Arizona,1.0,0.0,1.0,0.0,call_655.mp3,Missing,2
655,656,Florida,1.0,1.0,1.0,0.0,call_656.mp3,Shooting,1
656,657,Canada,1.0,0.0,0.0,0.0,call_657.mp3,Animal,3
657,658,California,0.0,4.0,1.0,0.0,call_658.mp3,Shooting,1
658,659,California,1.0,1.0,1.0,0.0,call_659.mp3,Medical,3
659,660,Oklahoma,1.0,0.0,1.0,0.0,call_660.mp3,Assault,1
660,661,Michigan,1.0,0.0,0.0,1.0,call_661.mp3,Assault,1
661,662,Oklahoma,1.0,0.0,0.0,0.0,call_662.mp3,Other,5
662,663,North Carolina,1.0,0.0,0.0,0.0,call_663.mp3,Assault,1
663,664,Kentucky,1.0,1.0,1.0,0.0,call_664.mp3,Accident,2
664,665,Nevada,1.0,0.0,1.0,0.0,call_665.mp3,Medical,3
665,666,Utah,1.0,1.0,1.0,0.0,call_666.mp3,Assault,1
666,667,DC,1.0,0.0,1.0,0.0,call_667.mp3,Robbery,3
667,668,Florida,1.0,2.0,1.0,0.0,call_668.mp3,Assault,1
668,669,Indiana,1.0,1.0,1.0,0.0,call_669.mp3,Medical,3
669,670,Ohio,1.0,0.0,0.0,0.0,call_670.mp3,Burglary,3
670,671,Michigan,1.0,1.0,1.0,0.0,call_671.mp3,Assault,1
671,672,Arizona,1.0,1.0,1.0,0.0,call_672.mp3,Shooting,1
672,673,Michigan,1.0,1.0,1.0,0.0,call_673.mp3,Domestic,2
673,674,Florida,1.0,1.0,1.0,0.0,call_674.mp3,Accident,2
674,675,Illinois,1.0,2.0,1.0,0.0,call_675.mp3,Shooting,1
675,676,Iowa,1.0,0.0,0.0,0.0,call_676.mp3,Assault,1
676,677,Oklahoma,1.0,0.0,1.0,0.0,call_677.mp3,Assault,1
677,678,Florida,1.0,0.0,1.0,0.0,call_678.mp3,Domestic,2
678,679,Georgia,1.0,2.0,1.0,0.0,call_679.mp3,Domestic,2
679,680,Illinois,1.0,7.0,1.0,0.0,call_680.mp3,Fire,2
680,681,Florida,1.0,1.0,1.0,0.0,call_681.mp3,Assault,1
681,682,Florida,1.0,0.0,0.0,0.0,call_682.mp3,Burglary,3
682,683,Ohio,1.0,0.0,1.0,0.0,call_683.mp3,Shooting,1
683,684,Florida,1.0,0.0,1.0,0.0,call_684.mp3,Domestic,2
684,685,Louisiana,1.0,0.0,1.0,0.0,call_685.mp3,Burglary,2
685,686,Florida,1.0,1.0,1.0,0.0,call_686.mp3,Animal,3
686,687,Utah,1.0,1.0,1.0,0.0,call_687.mp3,Domestic,2
687,688,California,1.0,0.0,1.0,0.0,call_688.mp3,Burglary,2
688,689,Virginia,1.0,1.0,1.0,0.0,call_689.mp3,Fire,2
689,690,New Jersey,1.0,2.0,1.0,0.0,call_690.mp3,Assault,1
690,691,Florida,1.0,2.0,1.0,0.0,call_691.mp3,Shooting,1
691,692,Florida,1.0,1.0,1.0,0.0,call_692.mp3,Assault,1
692,693,Michigan,0.0,1.0,1.0,0.0,call_693.mp3,Shooting,1
693,694,Florida,1.0,1.0,1.0,0.0,call_694.mp3,Medical,3
694,695,Florida,1.0,0.0,1.0,0.0,call_695.mp3,Shooting,1
695,696,South Carolina,1.0,1.0,1.0,0.0,call_696.mp3,Shooting,1
696,697,Florida,1.0,0.0,1.0,0.0,call_697.mp3,Robbery,3
697,698,Arizona,1.0,2.0,1.0,0.0,call_698.mp3,Domestic,2
698,699,California,1.0,1.0,1.0,0.0,call_699.mp3,Robbery,3
699,700,Florida,1.0,0.0,1.0,0.0,call_700.mp3,Missing,2
700,702,Ohio,1.0,2.0,1.0,0.0,call_702.mp3,Shooting,1
701,703,Texas,1.0,2.0,1.0,0.0,call_703.mp3,Disaster,3
702,704,Missouri,1.0,1.0,1.0,0.0,call_704.mp3,Shooting,1
703,705,Georgia,1.0,0.0,1.0,0.0,call_705.mp3,Robbery,3
704,706,Florida,1.0,1.0,1.0,0.0,call_706.mp3,Accident,2
705,707,Florida,1.0,0.0,1.0,0.0,call_707.mp3,Animal,3
706,708,Florida,1.0,0.0,1.0,0.0,call_708.mp3,Medical,3
707,709,Ohio,1.0,0.0,1.0,0.0,call_709.mp3,Assault,1
708,710,Maryland,1.0,0.0,1.0,0.0,call_710.mp3,Assault,1
709,711,Arizona,1.0,2.0,1.0,0.0,call_711.mp3,Accident,2
710,712,North Carolina,1.0,0.0,1.0,0.0,call_712.mp3,Assault,1
711,713,Utah,1.0,0.0,1.0,0.0,call_713.mp3,Assault,1
712,714,Oregon,1.0,0.0,1.0,0.0,call_714.mp3,Burglary,2
713,715,Texas,1.0,1.0,1.0,0.0,call_715.mp3,Domestic,2
714,716,Florida,1.0,0.0,0.0,1.0,call_716.mp3,Other,5
715,717,Colorado,1.0,2.0,1.0,0.0,call_717.mp3,Domestic,2
716,718,Florida,1.0,0.0,1.0,0.0,call_718.mp3,Accident,2
717,719,Washington,1.0,3.0,1.0,0.0,call_719.mp3,Domestic,2
718,720,New Jersey,1.0,2.0,1.0,0.0,call_720.mp3,Assault,1
719,721,Ohio,1.0,0.0,1.0,0.0,,Accident,2
720,722,Florida,1.0,0.0,1.0,0.0,call_722.mp3,Medical,3
721,723,Florida,1.0,0.0,1.0,0.0,call_723.mp3,Domestic,2
722,724,Florida,1.0,0.0,1.0,0.0,call_724.mp3,Animal,3
723,725,Florida,1.0,1.0,1.0,0.0,call_725.mp3,Robbery,3
724,726,Arizona,1.0,1.0,1.0,0.0,call_726.mp3,Missing,2
725,727,Texas,1.0,2.0,1.0,0.0,call_727.mp3,Domestic,2
726,728,New Mexico,1.0,2.0,1.0,0.0,call_728.mp3,Shooting,1
727,729,California,1.0,0.0,1.0,0.0,call_729.mp3,Burglary,2
728,730,Connecticut,1.0,9.0,1.0,0.0,call_730.mp3,Shooting,1
729,731,Texas,1.0,1.0,1.0,0.0,call_731.mp3,Animal,3
730,732,Iowa,1.0,1.0,1.0,0.0,call_732.mp3,Accident,2
731,733,Texas,1.0,1.0,1.0,0.0,call_733.mp3,Accident,2
732,734,Ohio,1.0,1.0,1.0,0.0,call_734.mp3,Animal,3
733,735,Ohio,1.0,1.0,1.0,0.0,call_735.mp3,Assault,1
734,736,Florida,1.0,1.0,1.0,0.0,call_736.mp3,Medical,3
735,737,South Carolina,1.0,3.0,1.0,0.0,call_737.mp3,Fire,2
736,738,North Carolina,0.0,1.0,1.0,0.0,call_738.mp3,Shooting,1
737,739,California,1.0,0.0,0.0,1.0,call_739.mp3,Other,5
738,740,California,1.0,0.0,1.0,0.0,call_740.mp3,Assault,1
739,741,Georgia,1.0,2.0,1.0,0.0,call_741.mp3,Domestic,2
740,742,Arizona,1.0,6.0,1.0,0.0,call_742.mp3,Domestic,2
741,743,Colorado,1.0,0.0,1.0,0.0,call_743.mp3,Animal,3
